cell,cycle,test,capacity_mAh,duration_s,start_voltage_V,end_voltage_V,avg_temp_C,n_samples,start_time,eol_cycle,rul_cycles,initial_capacity_mAh,capacity_retention,capacity_loss_mAh,capacity_change_mAh,cycle_change,degradation_rate_mAh_per_cycle
Cell1,0,C1dc,739.1109,3606.33,4.1912,2.6998,40.419,3608,2014-12-21 19:36:48.290262,5800,5800,739.1109,1.0,0.0,,,0.0
Cell1,100,C1dc,730.1929,3563.54,4.1927,2.6999,40.327,3565,2014-12-28 23:35:50.504633,5800,5700,739.1109,0.9879341516949621,8.918000000000006,-8.918000000000006,100.0,-0.08918000000000006
Cell1,200,C1dc,725.7467,3542.14,4.193,2.7,40.327,3544,2015-01-05 03:17:26.677485,5800,5600,739.1109,0.9819185456472094,13.364199999999983,-4.446199999999976,100.0,-0.04446199999999976
Cell1,300,C1dc,722.8432,3528.06,4.1925,2.7,40.322,3530,2015-01-13 18:59:42.204871,5800,5500,739.1109,0.9779901771168575,16.26769999999999,-2.903500000000008,100.0,-0.02903500000000008
Cell1,400,C1dc,718.3669,3505.89,4.1928,2.7002,40.315,3507,2015-01-20 22:15:50.866304,5800,5400,739.1109,0.9719338464633656,20.744000000000028,-4.4763000000000375,100.0,-0.04476300000000037
Cell1,500,C1dc,714.9787,3489.71,4.193,2.6998,40.334,3491,2015-01-28 01:19:59.125136,5800,5300,739.1109,0.9673496900126896,24.13220000000001,-3.3881999999999834,100.0,-0.033881999999999836
Cell1,600,C1dc,711.6204,3473.9,4.1929,2.7,40.305,3475,2015-02-04 04:12:52.855290,5800,5200,739.1109,0.9628059875723657,27.490499999999997,-3.3582999999999856,100.0,-0.033582999999999856
Cell1,700,C1dc,709.5321,3453.59,4.1924,2.7002,40.36,3455,2015-02-11 18:59:29.700272,5800,5100,739.1109,0.9599805658393077,29.5788,-2.088300000000004,100.0,-0.020883000000000037
Cell1,800,C1dc,705.848,3435.61,4.1927,2.7002,40.378,3437,2015-02-18 21:41:00.241403,5800,5000,739.1109,0.954996063513608,33.26290000000006,-3.6841000000000577,100.0,-0.036841000000000575
Cell1,900,C1dc,702.545,3419.68,4.1927,2.7001,40.385,3421,2015-02-26 00:12:27.004266,5800,4900,739.1109,0.9505271806977815,36.565900000000056,-3.3029999999999973,100.0,-0.033029999999999976
Cell1,1000,C1dc,699.4156,3404.67,4.1926,2.6999,40.363,3406,2015-03-05 02:33:36.566142,5800,4800,739.1109,0.9462931746778461,39.695299999999975,-3.1293999999999187,100.0,-0.031293999999999184
Cell1,1100,C1dc,696.2836,3389.44,4.1925,2.6998,40.433,3391,2015-03-12 04:44:59.132792,5800,4700,739.1109,0.9420556509178798,42.82730000000004,-3.132000000000062,100.0,-0.03132000000000062
Cell1,1200,C1dc,693.2673,3374.81,4.1925,2.6999,40.393,3376,2015-03-19 06:46:01.327177,5800,4600,739.1109,0.9379746665892763,45.84360000000004,-3.016300000000001,100.0,-0.03016300000000001
Cell1,1300,C1dc,690.3688,3360.65,4.1926,2.7,40.391,3362,2015-03-26 08:37:54.553136,5800,4500,739.1109,0.9340530629435988,48.74210000000005,-2.8985000000000127,100.0,-0.02898500000000013
Cell1,1400,C1dc,687.6192,3347.31,4.1922,2.7,40.384,3349,2015-04-02 10:20:26.400657,5800,4400,739.1109,0.9303329175635212,51.49170000000004,-2.7495999999999867,100.0,-0.027495999999999868
Cell1,1600,C1dc,681.8263,3318.78,4.1922,2.7001,0.521,3320,2015-04-17 13:14:39.406663,5800,4200,739.1109,0.922495257477599,57.28460000000007,-5.7929000000000315,200.0,-0.028964500000000157
Cell1,1800,C1dc,675.8871,3289.68,4.1915,2.7,40.426,3291,2015-05-04 18:03:47.673670,5800,4000,739.1109,0.9144596568661076,63.22379999999998,-5.939199999999914,200.0,-0.02969599999999957
Cell1,1900,C1dc,672.7433,3274.75,4.1913,2.7002,40.362,3276,2015-05-12 12:40:23.905068,5800,3900,739.1109,0.9102061679783101,66.36760000000004,-3.1438000000000557,100.0,-0.031438000000000556
Cell1,2000,C1dc,669.7318,3260.29,4.1914,2.7002,40.298,3262,2015-05-20 12:39:58.940871,5800,3800,739.1109,0.906131677938994,69.3791,-3.0114999999999554,100.0,-0.030114999999999555
Cell1,2100,C1dc,667.4185,3248.77,4.192,2.7,40.364,3250,2015-05-27 13:41:16.757806,5800,3700,739.1109,0.9030018363955936,71.69240000000002,-2.3133000000000266,100.0,-0.023133000000000264
Cell1,2200,C1dc,663.9526,3232.06,4.1909,2.7002,40.378,3234,2015-06-04 15:39:46.947071,5800,3600,739.1109,0.8983125536370793,75.15830000000005,-3.4659000000000333,100.0,-0.034659000000000335
Cell1,2300,C1dc,661.4396,3219.61,4.1915,2.7001,40.425,3221,2015-06-11 16:28:53.601477,5800,3500,739.1109,0.8949125225997885,77.67129999999997,-2.51299999999992,100.0,-0.025129999999999198
Cell1,2400,C1dc,658.2324,3204.17,4.1907,2.7,40.456,3206,2015-06-19 15:19:16.365263,5800,3400,739.1109,0.8905732549743212,80.87850000000003,-3.207200000000057,100.0,-0.03207200000000057
Cell1,2500,C1dc,656.302,3194.55,4.1912,2.7001,40.485,3196,2015-06-26 15:55:46.259772,5800,3300,739.1109,0.8879614682992769,82.8089,-1.9303999999999633,100.0,-0.019303999999999634
Cell1,2600,C1dc,652.781,3177.52,4.1903,2.7001,40.519,3179,2015-07-06 19:56:57.656072,5800,3200,739.1109,0.883197636511652,86.32990000000007,-3.521000000000072,100.0,-0.03521000000000072
Cell1,2700,C1dc,651.2743,3170.15,4.1912,2.7,40.477,3172,2015-07-13 20:20:27.424708,5800,3100,739.1109,0.8811591061639059,87.83659999999998,-1.5066999999999098,100.0,-0.015066999999999098
Cell1,2800,C1dc,648.8501,3158.33,4.1909,2.6999,40.519,3160,2015-07-20 20:47:05.669951,5800,3000,739.1109,0.8778792194784301,90.26080000000002,-2.4242000000000417,100.0,-0.024242000000000416
Cell1,2900,C1dc,645.0218,3139.89,4.1902,2.7,40.437,3141,2015-08-01 18:54:11.880259,5800,2900,739.1109,0.8726996178787243,94.08910000000003,-3.828300000000013,100.0,-0.03828300000000013
Cell1,3000,C1dc,644.169,3135.47,4.1909,2.7,40.57,3137,2015-08-08 18:57:48.632524,5800,2800,739.1109,0.8715457991486798,94.94190000000003,-0.852800000000002,100.0,-0.00852800000000002
Cell1,3100,C1dc,642.0892,3125.54,4.1905,2.7,40.508,3127,2015-08-15 19:06:23.175478,5800,2700,739.1109,0.8687318777195682,97.02170000000001,-2.0797999999999774,100.0,-0.020797999999999775
Cell1,3200,C1dc,638.7729,3109.41,4.19,2.7,40.501,3111,2015-08-24 18:40:36.334271,5800,2600,739.1109,0.8642450003105082,100.33799999999997,-3.3162999999999556,100.0,-0.033162999999999554
Cell1,3300,C1dc,637.8192,3104.93,4.1903,2.7,40.464,3106,2015-08-31 18:25:54.944050,5800,2500,739.1109,0.8629546662077369,101.29169999999999,-0.9537000000000262,100.0,-0.009537000000000262
Cell1,3500,C1dc,632.203,3077.88,4.1891,2.7001,40.244,3079,2015-09-16 14:28:37.962270,5800,2300,739.1109,0.8553560771462035,106.90790000000004,-5.616200000000049,200.0,-0.028081000000000245
Cell1,3600,C1dc,631.7445,3075.55,4.1907,2.7001,40.336,3077,2015-09-23 13:49:14.482634,5800,2200,739.1109,0.8547357372215726,107.3664,-0.45849999999995816,100.0,-0.004584999999999582
Cell1,3700,C1dc,629.5203,3064.71,4.1906,2.7001,40.501,3066,2015-09-30 13:22:13.174188,5800,2100,739.1109,0.8517264459230679,109.5906,-2.224199999999996,100.0,-0.022241999999999963
Cell1,3800,C1dc,625.4908,3044.96,4.1893,2.7,40.437,3046,2015-10-12 17:31:13.348070,5800,2000,739.1109,0.8462746253640692,113.62009999999998,-4.0294999999999845,100.0,-0.040294999999999845
Cell1,3900,C1dc,625.2583,3043.81,4.1904,2.7,40.453,3045,2015-10-19 16:42:32.570521,5800,1900,739.1109,0.8459600582267153,113.85260000000005,-0.23250000000007276,100.0,-0.0023250000000007275
Cell1,4000,C1dc,623.5532,3035.39,4.19,2.6999,40.502,3037,2015-10-26 16:01:23.365577,5800,1800,739.1109,0.8436530972550939,115.55770000000007,-1.7051000000000158,100.0,-0.01705100000000016
Cell1,4100,C1dc,620.4774,3020.41,4.1888,2.7,40.481,3022,2015-11-04 10:48:34.702071,5800,1700,739.1109,0.8394916107988666,118.63350000000003,-3.0757999999999583,100.0,-0.030757999999999584
Cell1,4200,C1dc,619.5187,3015.99,4.189,2.6999,40.493,3017,2015-11-11 15:33:50.365068,5800,1600,739.1109,0.8381945118114209,119.59220000000005,-0.9587000000000216,100.0,-0.009587000000000217
Cell1,4300,C1dc,617.6078,3006.56,4.1891,2.7,40.463,3008,2015-11-18 14:26:59.421213,5800,1500,739.1109,0.8356091081866064,121.50310000000002,-1.9108999999999696,100.0,-0.019108999999999696
Cell1,4400,C1dc,615.7262,2997.4,4.189,2.7002,40.464,2999,2015-11-25 13:26:34.163730,5800,1400,739.1109,0.8330633467859829,123.38470000000007,-1.8816000000000486,100.0,-0.018816000000000485
Cell1,4500,C1dc,612.7444,2982.86,4.1876,2.7001,40.448,2984,2015-12-03 12:30:11.996267,5800,1300,739.1109,0.829029040161632,126.36649999999997,-2.9817999999999074,100.0,-0.029817999999999074
Cell1,4600,C1dc,612.3496,2981.09,4.1886,2.7002,40.412,2983,2015-12-10 11:08:37.981251,5800,1200,739.1109,0.8284948848677512,126.7613,-0.394800000000032,100.0,-0.00394800000000032
Cell1,4800,C1dc,608.8768,2964.14,4.188,2.7,40.447,2966,2015-12-26 12:18:18.947811,5800,1000,739.1109,0.8237962665683864,130.2341,-3.4728000000000065,200.0,-0.017364000000000032
Cell1,5000,C1dc,604.2869,2942.11,4.1868,2.7,40.39,2944,2016-01-19 17:02:30.492267,5800,800,739.1109,0.8175862377350949,134.82400000000007,-4.589900000000057,200.0,-0.022949500000000286
Cell1,5100,C1dc,603.207,2936.72,4.1876,2.6998,40.391,2938,2016-01-26 14:36:42.475494,5800,700,739.1109,0.8161251579431449,135.90390000000002,-1.0798999999999523,100.0,-0.010798999999999524
Cell1,5200,C1dc,599.8239,2920.55,4.1865,2.7001,40.685,2922,2016-02-07 16:51:14.126463,5800,600,739.1109,0.8115479016748366,139.28700000000003,-3.383100000000013,100.0,-0.03383100000000013
Cell1,5300,C1dc,599.8622,2920.51,4.1878,2.7002,40.694,2922,2016-02-14 14:00:06.348339,5800,500,739.1109,0.8115997206914416,139.24869999999999,0.038300000000049295,100.0,0.00038300000000049297
Cell1,5400,C1dc,598.1587,2912.37,4.1875,2.7001,40.69,2914,2016-02-21 11:05:12.746134,5800,400,739.1109,0.8092949244829158,140.95220000000006,-1.7035000000000764,100.0,-0.017035000000000765
Cell1,5500,C1dc,594.2801,2893.27,4.1858,2.7,40.756,2895,2016-03-04 23:46:02.889463,5800,300,739.1109,0.8040472681433868,144.83080000000007,-3.878600000000006,100.0,-0.03878600000000006
Cell1,5600,C1dc,594.4676,2894.29,4.187,2.7001,40.749,2896,2016-03-11 20:39:59.627010,5800,200,739.1109,0.8043009513186721,144.64330000000007,0.1875,100.0,0.001875
Cell1,5700,C1dc,592.8574,2886.46,4.1871,2.7,40.769,2888,2016-03-18 17:29:48.374904,5800,100,739.1109,0.8021223878581685,146.25350000000003,-1.6101999999999634,100.0,-0.016101999999999634
Cell1,5800,C1dc,590.4254,2874.48,4.1854,2.6997,40.781,2876,2016-03-25 19:00:27.870867,5800,0,739.1109,0.7988319479526008,148.68550000000005,-2.4320000000000164,100.0,-0.024320000000000164
Cell1,5900,C1dc,589.4471,2869.88,4.1865,2.6998,40.746,2871,2016-04-01 15:41:01.191569,5800,-100,739.1109,0.7975083306172321,149.66380000000004,-0.9782999999999902,100.0,-0.009782999999999901
Cell1,6000,C1dc,588.1173,2863.41,4.1866,2.6999,40.767,2865,2016-04-08 12:18:22.535289,5800,-200,739.1109,0.7957091418892618,150.99360000000001,-1.3297999999999774,100.0,-0.013297999999999775
Cell1,6100,C1dc,585.5604,2851.13,4.1843,2.7,40.803,2853,2016-04-16 14:25:44.036861,5800,-300,739.1109,0.7922497151645307,153.55050000000006,-2.5569000000000415,100.0,-0.025569000000000414
Cell1,6200,C1dc,585.7464,2851.92,4.1863,2.7002,40.79,2853,2016-04-23 10:57:19.421846,5800,-400,739.1109,0.7925013688744138,153.36450000000002,0.18600000000003547,100.0,0.0018600000000003546
Cell1,6300,C1dc,584.1518,2844.26,4.1861,2.6998,40.773,2846,2016-04-30 07:24:41.116546,5800,-500,739.1109,0.7903439118540938,154.95910000000003,-1.594600000000014,100.0,-0.01594600000000014
Cell1,6400,C1dc,581.2758,2829.97,4.1838,2.6998,40.832,2831,2016-05-09 11:24:28.980861,5800,-600,739.1109,0.7864527501894506,157.8351,-2.8759999999999764,100.0,-0.028759999999999765
Cell1,6500,C1dc,581.6548,2832.08,4.1858,2.6999,40.822,2834,2016-05-16 07:45:07.798174,5800,-700,739.1109,0.7869655284477607,157.4561,0.3790000000000191,100.0,0.003790000000000191
Cell1,6600,C1dc,580.0334,2824.25,4.1856,2.6999,40.827,2826,2016-05-23 04:00:29.886628,5800,-800,739.1109,0.7847718116455866,159.0775,-1.6213999999999942,100.0,-0.01621399999999994
Cell1,6700,C1dc,577.6339,2812.69,4.1837,2.6999,40.744,2814,2016-06-09 11:32:14.895865,5800,-900,739.1109,0.7815253434904018,161.47699999999998,-2.399499999999989,100.0,-0.02399499999999989
Cell1,6800,C1dc,577.5894,2812.41,4.186,2.7,40.769,2814,2016-06-16 07:37:27.702299,5800,-1000,739.1109,0.7814651360168007,161.52150000000006,-0.04450000000008458,100.0,-0.0004450000000008458
Cell1,6900,C1dc,576.4168,2806.69,4.1859,2.7002,40.809,2808,2016-06-23 03:36:34.012913,5800,-1100,739.1109,0.7798786352629896,162.69410000000005,-1.1725999999999885,100.0,-0.011725999999999886
Cell1,7000,C1dc,573.098,2790.55,4.1833,2.7001,40.749,2792,2016-07-04 16:43:43.234068,5800,-1200,739.1109,0.7753883754115924,166.01290000000006,-3.31880000000001,100.0,-0.0331880000000001
Cell1,7100,C1dc,573.098,2790.55,4.1833,2.7001,40.749,2792,2016-07-04 16:43:43.234068,5800,-1300,739.1109,0.7753883754115924,166.01290000000006,0.0,100.0,0.0
Cell1,7200,C1dc,574.9715,2799.69,4.1897,2.6999,40.781,2801,2016-07-11 13:56:48.977292,5800,-1400,739.1109,0.7779231776990435,164.13940000000002,1.8735000000000355,100.0,0.018735000000000356
Cell1,7300,C1dc,572.0376,2785.32,4.1856,2.7001,40.805,2787,2016-07-18 09:44:22.699136,5800,-1500,739.1109,0.7739536786698721,167.07330000000002,-2.933899999999994,100.0,-0.02933899999999994
Cell1,7400,C1dc,570.4366,2777.62,4.1853,2.7001,40.812,2779,2016-07-25 05:29:02.579397,5800,-1600,739.1109,0.7717875625971691,168.67430000000002,-1.600999999999999,100.0,-0.01600999999999999
Cell1,7500,C1dc,568.2679,2766.97,4.1831,2.6998,40.806,2768,2016-08-01 10:57:07.470664,5800,-1700,739.1109,0.7688533615185489,170.84299999999996,-2.1686999999999443,100.0,-0.021686999999999443
Cell1,7600,C1dc,567.7929,2764.69,4.1849,2.7002,40.789,2766,2016-08-08 06:35:20.194203,5800,-1800,739.1109,0.7682106974744927,171.31799999999998,-0.47500000000002274,100.0,-0.004750000000000227
Cell1,7700,C1dc,566.7532,2759.6,4.1848,2.6998,40.791,2761,2016-08-15 02:09:51.102882,5800,-1900,739.1109,0.7668040073553238,172.35770000000002,-1.039700000000039,100.0,-0.010397000000000389
Cell1,7800,C1dc,564.2266,2747.17,4.182,2.7001,40.765,2749,2016-08-22 16:11:39.837470,5800,-2000,739.1109,0.7633855758317188,174.88430000000005,-2.5266000000000304,100.0,-0.025266000000000302
Cell1,7900,C1dc,564.3177,2747.77,4.1845,2.7,40.771,2749,2016-08-29 11:42:15.138345,5800,-2100,739.1109,0.7635088320304841,174.79320000000007,0.09109999999998308,100.0,0.0009109999999998308
Cell1,8000,C1dc,563.0465,2741.67,4.1842,2.7001,40.752,2743,2016-09-05 07:07:43.062291,5800,-2200,739.1109,0.7617889277508965,176.06439999999998,-1.271199999999908,100.0,-0.01271199999999908
Cell1,8100,C1dc,560.0136,2726.64,4.1816,2.7002,40.809,2728,2016-09-13 14:55:57.248661,5800,-2300,739.1109,0.7576854840051743,179.09730000000002,-3.0329000000000406,100.0,-0.030329000000000404
Cell1,8200,C1dc,560.6496,2730.05,4.1838,2.7,40.727,2732,2016-09-20 10:16:26.500852,5800,-2400,739.1109,0.7585459773357421,178.46130000000005,0.6359999999999673,100.0,0.006359999999999672
Cell2,0,C1dc,734.819,3576.78,4.1896,2.6997,40.5,3578,2014-12-21 19:34:48.470061,5000,5000,734.819,1.0,0.0,,,0.0
Cell2,100,C1dc,726.6221,3537.2,4.1919,2.6999,40.422,3539,2014-12-28 23:28:41.276575,5000,4900,734.819,0.9888450080904279,8.196899999999914,-8.196899999999914,100.0,-0.08196899999999914
Cell2,200,C1dc,722.1571,3515.67,4.1925,2.6999,40.415,3517,2015-01-05 03:05:38.196526,5000,4800,734.819,0.9827686818114394,12.661899999999946,-4.465000000000032,100.0,-0.04465000000000032
Cell2,300,C1dc,719.2156,3501.08,4.1921,2.7001,40.427,3503,2015-01-13 19:01:21.418475,5000,4700,734.819,0.9787656552157743,15.603399999999965,-2.941500000000019,100.0,-0.02941500000000019
Cell2,400,C1dc,714.5823,3478.73,4.1925,2.7001,40.408,3480,2015-01-20 22:10:37.164978,5000,4600,734.819,0.972460292942888,20.236699999999928,-4.633299999999963,100.0,-0.04633299999999963
Cell2,500,C1dc,711.1217,3462.13,4.1927,2.7,40.408,3464,2015-01-28 01:08:38.878423,5000,4500,734.819,0.9677508338788192,23.697299999999927,-3.4605999999999995,100.0,-0.034606
Cell2,600,C1dc,708.0616,3447.32,4.1925,2.7001,40.382,3449,2015-02-04 03:55:50.958268,5000,4400,734.819,0.9635864069927425,26.75739999999996,-3.060100000000034,100.0,-0.03060100000000034
Cell2,700,C1dc,705.451,3432.23,4.1923,2.6998,40.422,3434,2015-02-11 19:00:14.214675,5000,4300,734.819,0.9600336953726021,29.367999999999938,-2.6105999999999767,100.0,-0.02610599999999977
Cell2,800,C1dc,701.9102,3415.12,4.1926,2.7002,40.413,3417,2015-02-18 21:31:24.186561,5000,4200,734.819,0.9552150937850002,32.90879999999993,-3.54079999999999,100.0,-0.035407999999999905
Cell2,900,C1dc,699.255,3402.27,4.1927,2.7,40.407,3404,2015-02-25 23:53:13.962190,5000,4100,734.819,0.9516016869460371,35.563999999999965,-2.655200000000036,100.0,-0.026552000000000364
Cell2,1000,C1dc,696.6638,3389.73,4.1927,2.7,40.386,3391,2015-03-05 02:06:25.506351,5000,4000,734.819,0.9480753763852051,38.15519999999992,-2.591199999999958,100.0,-0.02591199999999958
Cell2,1100,C1dc,693.9848,3376.78,4.1925,2.6999,40.439,3378,2015-03-12 04:11:08.389401,5000,3900,734.819,0.944429580617812,40.83420000000001,-2.6790000000000873,100.0,-0.026790000000000872
Cell2,1200,C1dc,691.2011,3363.33,4.1928,2.7,40.421,3365,2015-03-19 06:07:20.742550,5000,3800,734.819,0.940641300782914,43.61789999999996,-2.7836999999999534,100.0,-0.027836999999999536
Cell2,1300,C1dc,688.2824,3349.16,4.1925,2.7001,40.418,3351,2015-03-26 07:54:37.101383,5000,3700,734.819,0.9366693022363332,46.53659999999991,-2.9186999999999443,100.0,-0.029186999999999443
Cell2,1400,C1dc,685.4469,3335.41,4.1923,2.7001,40.412,3337,2015-04-02 09:33:07.107186,5000,3600,734.819,0.9328105288513227,49.37209999999993,-2.8355000000000246,100.0,-0.028355000000000245
Cell2,1600,C1dc,679.511,3306.06,4.191,2.7,40.493,3308,2015-04-17 13:14:37.429265,5000,3400,734.819,0.9247324851425998,55.30799999999999,-5.935900000000061,200.0,-0.029679500000000303
Cell2,1800,C1dc,674.0054,3279.34,4.1909,2.6999,40.48,3281,2015-05-04 18:03:43.298467,5000,3200,734.819,0.9172400278163739,60.81359999999995,-5.5055999999999585,200.0,-0.027527999999999792
Cell2,1900,C1dc,670.6498,3263.02,4.1902,2.7002,40.428,3265,2015-05-12 12:40:22.553476,5000,3100,734.819,0.9126734610836139,64.16919999999993,-3.3555999999999813,100.0,-0.033555999999999815
Cell2,2000,C1dc,667.3526,3247.02,4.1902,2.6999,40.388,3249,2015-05-20 12:39:54.732867,5000,3000,734.819,0.9081863697046485,67.46639999999991,-3.2971999999999753,100.0,-0.03297199999999975
Cell2,2100,C1dc,665.2356,3236.84,4.1911,2.7001,40.441,3238,2015-05-27 13:43:15.868646,5000,2900,734.819,0.9053053881295938,69.58339999999998,-2.1170000000000755,100.0,-0.021170000000000754
Cell2,2200,C1dc,661.5433,3218.78,4.19,2.7,40.442,3220,2015-06-04 15:39:47.738477,5000,2800,734.819,0.9002806133211037,73.27569999999992,-3.692299999999932,100.0,-0.03692299999999932
Cell2,2300,C1dc,659.752,3210.13,4.1909,2.7,40.484,3212,2015-06-11 16:29:34.666814,5000,2700,734.819,0.8978428701489755,75.06700000000001,-1.791300000000092,100.0,-0.01791300000000092
Cell2,2400,C1dc,656.2874,3193.19,4.1901,2.7002,40.498,3195,2015-06-19 15:19:16.960864,5000,2600,734.819,0.8931279675675236,78.53159999999991,-3.464599999999905,100.0,-0.034645999999999046
Cell2,2500,C1dc,654.6501,3185.33,4.1912,2.6999,40.521,3187,2015-06-26 15:55:47.390363,5000,2500,734.819,0.8908997998146482,80.16890000000001,-1.6373000000000957,100.0,-0.016373000000000956
Cell2,2600,C1dc,650.3894,3164.46,4.189,2.7001,40.538,3166,2015-07-06 19:57:02.738070,5000,2400,734.819,0.8851015011860064,84.42959999999994,-4.260699999999929,100.0,-0.04260699999999929
Cell2,2700,C1dc,649.6653,3161.06,4.1903,2.7,40.52,3163,2015-07-13 20:19:47.550955,5000,2300,734.819,0.884116088451714,85.15369999999996,-0.7241000000000213,100.0,-0.0072410000000002125
Cell2,2800,C1dc,647.1329,3148.75,4.1903,2.7,40.532,3150,2015-07-20 20:46:55.232993,5000,2200,734.819,0.8806697975964148,87.68610000000001,-2.5324000000000524,100.0,-0.025324000000000523
Cell2,2900,C1dc,642.1348,3124.46,4.1885,2.7001,40.477,3126,2015-08-01 18:54:16.134260,5000,2100,734.819,0.8738679865381817,92.68419999999992,-4.9980999999999085,100.0,-0.04998099999999908
Cell2,3000,C1dc,641.7053,3122.33,4.19,2.6999,40.56,3124,2015-08-08 18:57:42.203118,5000,2000,734.819,0.8732834888591612,93.1137,-0.4295000000000755,100.0,-0.004295000000000755
Cell2,3100,C1dc,638.9952,3109.18,4.1897,2.7001,40.525,3111,2015-08-15 19:06:34.451297,5000,1900,734.819,0.8695953697441139,95.8238,-2.7101000000000113,100.0,-0.02710100000000011
Cell2,3200,C1dc,634.9704,3089.57,4.1882,2.7,40.516,3091,2015-08-24 18:40:43.343064,5000,1800,734.819,0.8641181025531458,99.84859999999992,-4.024799999999914,100.0,-0.04024799999999914
Cell2,3300,C1dc,634.2086,3085.95,4.1892,2.7,40.502,3087,2015-08-31 18:27:25.789715,5000,1700,734.819,0.8630813846675168,100.61039999999991,-0.7617999999999938,100.0,-0.007617999999999938
Cell2,3500,C1dc,627.7049,3054.25,4.1873,2.6999,40.333,3056,2015-09-16 14:28:47.674670,5000,1500,734.819,0.8542306336662497,107.11410000000001,-6.503700000000094,200.0,-0.03251850000000047
Cell2,3600,C1dc,628.1201,3056.4,4.1894,2.7001,40.398,3058,2015-09-23 13:51:00.455485,5000,1400,734.819,0.8547956707706251,106.69889999999998,0.4152000000000271,100.0,0.004152000000000271
Cell2,3700,C1dc,626.1355,3046.73,4.1896,2.6997,40.557,3048,2015-09-30 13:22:39.992016,5000,1300,734.819,0.8520948696209543,108.68349999999998,-1.9846000000000004,100.0,-0.019846000000000003
Cell2,3800,C1dc,621.1583,3022.42,4.1875,2.6999,40.465,3024,2015-10-12 17:31:23.937471,5000,1200,734.819,0.8453215009410482,113.6606999999999,-4.977199999999925,100.0,-0.049771999999999254
Cell2,3900,C1dc,621.4629,3023.97,4.1893,2.7001,40.47,3025,2015-10-19 16:39:58.644892,5000,1100,734.819,0.8457360247897782,113.35609999999997,0.3045999999999367,100.0,0.003045999999999367
Cell2,4000,C1dc,619.5184,3014.49,4.1889,2.7,40.507,3016,2015-10-26 16:02:03.418036,5000,1000,734.819,0.8430897949018739,115.30059999999992,-1.9444999999999482,100.0,-0.01944499999999948
Cell2,4100,C1dc,615.535,2995.05,4.1875,2.6999,40.488,2997,2015-11-04 10:48:51.890069,5000,900,734.819,0.8376688681158218,119.28399999999999,-3.983400000000074,100.0,-0.039834000000000744
Cell2,4200,C1dc,614.8821,2991.84,4.188,2.7,40.493,2993,2015-11-11 15:34:02.239265,5000,800,734.819,0.8367803499909503,119.93689999999992,-0.6528999999999314,100.0,-0.006528999999999314
Cell2,4300,C1dc,612.8973,2982.29,4.1885,2.7,40.466,2984,2015-11-18 14:21:50.736356,5000,700,734.819,0.8340792766654102,121.92169999999999,-1.9848000000000638,100.0,-0.01984800000000064
Cell2,4400,C1dc,610.9128,2972.66,4.188,2.7,40.451,2974,2015-11-25 13:14:40.076625,5000,600,734.819,0.8313786116036738,123.90620000000001,-1.9845000000000255,100.0,-0.019845000000000255
Cell2,4500,C1dc,607.2825,2954.93,4.1861,2.7001,40.469,2956,2015-12-03 12:30:31.417063,5000,500,734.819,0.8264382113146231,127.53649999999993,-3.63029999999992,100.0,-0.036302999999999204
Cell2,4600,C1dc,606.9661,2953.47,4.1875,2.6999,40.432,2955,2015-12-10 11:04:38.253101,5000,400,734.819,0.8260076290896126,127.85289999999998,-0.3164000000000442,100.0,-0.003164000000000442
Cell2,4800,C1dc,603.2893,2935.6,4.1875,2.6998,40.468,2937,2015-12-26 12:16:18.825701,5000,200,734.819,0.8210039479109822,131.52969999999993,-3.6767999999999574,200.0,-0.018383999999999786
Cell2,5000,C1dc,565.6962,2752.68,4.1617,2.7001,40.496,2754,2016-01-19 17:14:02.606457,5000,0,734.819,0.7698442745764603,169.12279999999998,-37.59310000000005,200.0,-0.18796550000000026
Cell2,5100,C1dc,577.9189,2812.27,4.1749,2.6999,40.491,2814,2016-01-26 14:42:18.464881,5000,-100,734.819,0.7864778945563465,156.90009999999995,12.222700000000032,100.0,0.12222700000000032
Cell2,5200,C1dc,575.4802,2800.37,4.1715,2.7001,40.678,2802,2016-02-07 16:59:06.523055,5000,-200,734.819,0.7831591180957488,159.3388,-2.43870000000004,100.0,-0.024387000000000398
Cell2,5300,C1dc,580.8789,2826.71,4.178,2.6999,40.673,2828,2016-02-14 14:09:40.513833,5000,-300,734.819,0.790506097419909,153.94009999999992,5.398700000000076,100.0,0.053987000000000764
Cell2,5400,C1dc,581.026,2827.47,4.1787,2.7001,40.663,2829,2016-02-21 11:12:44.563891,5000,-400,734.819,0.7907062827716758,153.793,0.14709999999990941,100.0,0.0014709999999990941
Cell2,5500,C1dc,575.9513,2802.7,4.1759,2.7001,40.729,2804,2016-03-04 23:52:57.149256,5000,-500,734.819,0.7838002283555542,158.8677,-5.074700000000007,100.0,-0.05074700000000007
Cell2,5600,C1dc,578.8702,2816.94,4.1796,2.7,40.703,2818,2016-03-11 20:46:08.129155,5000,-600,734.819,0.7877724990780042,155.9488,2.918900000000008,100.0,0.02918900000000008
Cell2,5700,C1dc,578.0392,2812.92,4.1801,2.7,40.701,2814,2016-03-18 17:30:46.546817,5000,-700,734.819,0.7866416083416462,156.7797999999999,-0.8309999999999036,100.0,-0.008309999999999035
Cell2,5800,C1dc,575.2942,2799.54,4.1776,2.6999,40.751,2801,2016-03-25 19:07:01.544059,5000,-800,734.819,0.7829059945374304,159.5247999999999,-2.7450000000000045,100.0,-0.027450000000000044
Cell2,5900,C1dc,574.6726,2796.53,4.18,2.7,40.693,2798,2016-04-01 15:43:32.820982,5000,-900,734.819,0.7820600719360823,160.14639999999997,-0.6216000000000577,100.0,-0.006216000000000577
Cell2,6000,C1dc,573.0003,2788.41,4.18,2.7001,40.688,2790,2016-04-08 12:13:26.787316,5000,-1000,734.819,0.7797842734061042,161.81869999999992,-1.6722999999999502,100.0,-0.016722999999999502
Cell2,6100,C1dc,567.4637,2761.36,4.1764,2.7,40.775,2763,2016-04-16 14:31:48.847465,5000,-1100,734.819,0.7722496288201585,167.35529999999994,-5.536600000000021,100.0,-0.055366000000000214
Cell2,6200,C1dc,570.4756,2776.11,4.18,2.7001,40.715,2778,2016-04-23 10:52:46.981974,5000,-1200,734.819,0.7763484613217677,164.34339999999997,3.0118999999999687,100.0,0.030118999999999688
Cell2,6300,C1dc,568.801,2767.98,4.1803,2.7002,40.674,2769,2016-04-30 07:07:27.415021,5000,-1300,734.819,0.7740695327692944,166.01799999999992,-1.6745999999999412,100.0,-0.016745999999999414
Cell2,6400,C1dc,562.7252,2738.32,4.1767,2.6999,40.792,2740,2016-05-09 11:30:43.612061,5000,-1400,734.819,0.7658011020400942,172.0938,-6.075800000000072,100.0,-0.06075800000000072
Cell2,6500,C1dc,565.7942,2753.34,4.1799,2.7,40.737,2755,2016-05-16 07:37:24.551139,5000,-1500,734.819,0.7699776407523486,169.0247999999999,3.0690000000000737,100.0,0.030690000000000738
Cell2,6600,C1dc,563.8357,2743.9,4.18,2.7002,40.731,2745,2016-05-23 03:35:30.841570,5000,-1600,734.819,0.767312358553603,170.98329999999999,-1.9585000000000719,100.0,-0.01958500000000072
Cell2,6700,C1dc,561.4335,2732.05,4.172,2.7,40.765,2734,2016-06-09 11:39:08.263659,5000,-1700,734.819,0.7640432541891269,173.38549999999998,-2.4021999999999935,100.0,-0.024021999999999936
Cell2,6800,C1dc,564.003,2744.68,4.1805,2.7,40.75,2746,2016-06-16 07:38:12.795446,5000,-1800,734.819,0.7675400336681552,170.81599999999992,2.569500000000062,100.0,0.02569500000000062
Cell2,6900,C1dc,562.1277,2735.61,4.1806,2.6998,40.749,2737,2016-06-23 03:23:54.452197,5000,-1900,734.819,0.76498797663098,172.69129999999996,-1.8753000000000384,100.0,-0.018753000000000384
Cell2,7000,C1dc,556.2119,2706.74,4.1778,2.6999,40.757,2708,2016-07-04 16:48:59.669467,5000,-2000,734.819,0.7569372865971077,178.60709999999995,-5.91579999999999,100.0,-0.059157999999999905
Cell2,7100,C1dc,556.3347,2707.62,4.1778,2.7,40.799,2709,2016-07-11 14:32:00.193471,5000,-2100,734.819,0.7571044025807716,178.48429999999996,0.12279999999998381,100.0,0.0012279999999998382
Cell2,7200,C1dc,556.8875,2710.04,4.1802,2.7,40.793,2712,2016-07-18 10:00:15.435570,5000,-2200,734.819,0.7578566966831288,177.93149999999991,0.5528000000000475,100.0,0.005528000000000474
Cell2,7300,C1dc,557.1166,2711.21,4.1798,2.7003,40.765,2713,2016-07-25 05:23:54.915837,5000,-2300,734.819,0.7581684741412511,177.7024,0.22909999999990305,100.0,0.0022909999999990304
Cell2,7400,C1dc,501.435,2440.3,4.1483,2.7,40.745,2442,2016-08-01 16:06:15.953459,5000,-2400,734.819,0.6823925347602607,233.38399999999996,-55.681599999999946,100.0,-0.5568159999999994
Cell2,7500,C1dc,562.2337,2736.19,4.179,2.6998,40.697,2738,2016-08-08 11:37:17.273052,5000,-2500,734.819,0.7651322298416345,172.58529999999996,60.7987,100.0,0.6079869999999999
Cell2,7600,C1dc,558.6321,2718.63,4.1788,2.6999,40.723,2720,2016-08-15 07:25:05.049930,5000,-2600,734.819,0.7602308867898082,176.18689999999992,-3.601599999999962,100.0,-0.036015999999999625
Cell2,7700,C1dc,544.9148,2651.76,4.1673,2.7003,40.823,2653,2016-08-22 16:25:38.309255,5000,-2700,734.819,0.7415632965396921,189.90419999999995,-13.717300000000023,100.0,-0.13717300000000024
Cell3,0,C1dc,735.1196,3586.12,4.1915,2.6999,40.316,3588,2014-12-21 19:36:30.762857,6300,6300,735.1196,1.0,0.0,,,0.0
Cell3,100,C1dc,726.6872,3545.78,4.1925,2.6999,40.267,3547,2014-12-28 23:31:04.534026,6300,6200,735.1196,0.9885292134776436,8.43240000000003,-8.43240000000003,100.0,-0.0843240000000003
Cell3,200,C1dc,722.7328,3526.55,4.1926,2.7,40.264,3528,2015-01-05 03:10:35.392118,6300,6100,735.1196,0.9831499527423837,12.386799999999994,-3.954399999999964,100.0,-0.03954399999999964
Cell3,300,C1dc,720.2067,3513.67,4.1921,2.6997,40.276,3515,2015-01-13 19:02:19.223673,6300,6000,735.1196,0.9797136411544461,14.912900000000036,-2.526100000000042,100.0,-0.025261000000000422
Cell3,400,C1dc,716.0503,3493.85,4.1928,2.7,40.263,3495,2015-01-20 22:16:06.687260,6300,5900,735.1196,0.9740595952005633,19.0693,-4.156399999999962,100.0,-0.04156399999999962
Cell3,500,C1dc,713.084,3479.83,4.1929,2.7002,40.27,3481,2015-01-28 01:20:21.845713,6300,5800,735.1196,0.9700244694876861,22.035600000000045,-2.9663000000000466,100.0,-0.029663000000000467
Cell3,600,C1dc,710.0583,3465.48,4.1929,2.7002,40.259,3467,2015-02-04 04:15:48.465452,6300,5700,735.1196,0.9659085405966594,25.06129999999996,-3.0256999999999152,100.0,-0.030256999999999153
Cell3,700,C1dc,708.5077,3448.43,4.1923,2.7,40.279,3450,2015-02-11 19:00:25.588462,6300,5600,735.1196,0.9637992239630123,26.61189999999999,-1.5506000000000313,100.0,-0.015506000000000313
Cell3,800,C1dc,705.5725,3434.37,4.1929,2.7,40.284,3436,2015-02-18 21:31:42.690957,6300,5500,735.1196,0.9598064042912201,29.5471,-2.935200000000009,100.0,-0.02935200000000009
Cell3,900,C1dc,703.2127,3422.97,4.1933,2.7001,40.291,3424,2015-02-25 23:55:05.000041,6300,5400,735.1196,0.956596314395644,31.90689999999995,-2.35979999999995,100.0,-0.0235979999999995
Cell3,1000,C1dc,700.8922,3411.82,4.1931,2.6999,40.279,3413,2015-03-05 02:10:31.263015,6300,5300,735.1196,0.9534396851886414,34.22739999999999,-2.320500000000038,100.0,-0.02320500000000038
Cell3,1100,C1dc,698.6703,3401.11,4.1929,2.7002,40.327,3403,2015-03-12 04:18:17.244960,6300,5200,735.1196,0.9504171838160757,36.449299999999994,-2.221900000000005,100.0,-0.02221900000000005
Cell3,1200,C1dc,696.346,3389.89,4.1931,2.7,40.306,3391,2015-03-19 06:19:26.703599,6300,5100,735.1196,0.9472553853821881,38.77359999999999,-2.324299999999994,100.0,-0.023242999999999937
Cell3,1300,C1dc,693.932,3378.17,4.193,2.7,40.307,3380,2015-03-26 08:12:52.148672,6300,5000,735.1196,0.9439715659873578,41.187599999999975,-2.4139999999999873,100.0,-0.024139999999999873
Cell3,1400,C1dc,691.4783,3366.28,4.1925,2.7001,40.305,3368,2015-04-02 09:59:00.689254,6300,4900,735.1196,0.9406337417748079,43.6413,-2.453700000000026,100.0,-0.024537000000000263
Cell3,1600,C1dc,686.404,3341.01,4.1917,2.6999,40.345,3343,2015-04-17 13:14:27.539668,6300,4700,735.1196,0.933731055463628,48.715599999999995,-5.074299999999994,200.0,-0.02537149999999997
Cell3,1800,C1dc,681.1264,3315.51,4.1916,2.6999,40.338,3317,2015-05-04 18:03:35.434669,6300,4500,735.1196,0.9265518155141014,53.9932,-5.277600000000007,200.0,-0.026388000000000033
Cell3,1900,C1dc,678.2318,3301.36,4.1917,2.7,40.296,3303,2015-05-12 12:40:12.541672,6300,4400,735.1196,0.9226142249506067,56.88779999999997,-2.8945999999999685,100.0,-0.028945999999999684
Cell3,2000,C1dc,675.4149,3287.68,4.1914,2.6999,40.264,3289,2015-05-20 12:39:44.547869,6300,4300,735.1196,0.9187823314736813,59.7047,-2.8169000000000324,100.0,-0.028169000000000322
Cell3,2100,C1dc,673.3918,3278.08,4.1921,2.7,40.292,3280,2015-05-27 13:33:48.479610,6300,4200,735.1196,0.9160302622865721,61.7278,-2.0230999999999995,100.0,-0.020230999999999996
Cell3,2200,C1dc,669.9072,3260.94,4.1908,2.6999,40.313,3262,2015-06-04 15:39:35.565077,6300,4100,735.1196,0.9112900812330401,65.2124,-3.4846000000000004,100.0,-0.034846
Cell3,2300,C1dc,667.9872,3251.79,4.1918,2.7001,40.331,3253,2015-06-11 16:21:09.175903,6300,4000,735.1196,0.9086782613332579,67.13239999999996,-1.919999999999959,100.0,-0.019199999999999592
Cell3,2400,C1dc,665.183,3237.96,4.1913,2.7002,40.362,3239,2015-06-19 15:19:05.656067,6300,3900,735.1196,0.9048636439567113,69.9366,-2.804200000000037,100.0,-0.028042000000000372
Cell3,2500,C1dc,663.1788,3228.43,4.1916,2.6999,40.371,3230,2015-06-26 15:47:52.374814,6300,3800,735.1196,0.9021372848717406,71.94079999999997,-2.004199999999969,100.0,-0.02004199999999969
Cell3,2600,C1dc,659.6376,3210.96,4.1904,2.6999,40.393,3212,2015-07-06 19:56:45.331677,6300,3700,735.1196,0.8973201095440797,75.48199999999997,-3.5412000000000035,100.0,-0.035412000000000034
Cell3,2700,C1dc,658.3708,3205.02,4.1913,2.6999,40.367,3207,2015-07-13 20:11:27.389043,6300,3600,735.1196,0.8955968525393692,76.74879999999996,-1.2667999999999893,100.0,-0.012667999999999893
Cell3,2800,C1dc,655.8548,3192.81,4.191,2.7002,40.379,3194,2015-07-20 20:38:07.238301,6300,3500,735.1196,0.8921742802123627,79.26480000000004,-2.5160000000000764,100.0,-0.025160000000000765
Cell3,2900,C1dc,651.9694,3173.92,4.1904,2.6998,40.353,3175,2015-08-01 18:53:57.928062,6300,3400,735.1196,0.8868888817547511,83.15020000000004,-3.885400000000004,100.0,-0.03885400000000004
Cell3,3000,C1dc,650.9774,3169.07,4.1911,2.7001,40.412,3171,2015-08-08 18:48:53.094652,6300,3300,735.1196,0.885539441473197,84.1422,-0.9919999999999618,100.0,-0.009919999999999618
Cell3,3100,C1dc,648.7293,3158.17,4.1906,2.7,40.386,3160,2015-08-15 18:57:00.433700,6300,3200,735.1196,0.8824812996415821,86.39030000000002,-2.248100000000022,100.0,-0.022481000000000223
Cell3,3200,C1dc,645.0933,3140.41,4.1898,2.7001,40.4,3142,2015-08-24 18:40:23.588665,6300,3100,735.1196,0.8775351657063695,90.02629999999999,-3.6359999999999673,100.0,-0.03635999999999967
Cell3,3500,C1dc,638.1806,3106.74,4.1892,2.7005,40.274,3108,2015-09-16 14:28:22.398263,6300,2800,735.1196,0.8681316618411481,96.93899999999996,-6.9126999999999725,300.0,-0.02304233333333324
Cell3,3600,C1dc,637.748,3104.88,4.1906,2.6999,40.297,3106,2015-09-23 13:42:12.768214,6300,2700,735.1196,0.8675431861699784,97.37159999999994,-0.43259999999997945,100.0,-0.004325999999999794
Cell3,3700,C1dc,635.8981,3095.86,4.1904,2.7003,40.353,3097,2015-09-30 13:15:06.621351,6300,2600,735.1196,0.8650267249029954,99.22149999999999,-1.8499000000000478,100.0,-0.018499000000000477
Cell3,3800,C1dc,632.342,3078.47,4.1896,2.7,40.374,3080,2015-10-12 17:30:58.619071,6300,2500,735.1196,0.8601892807646538,102.7776,-3.556100000000015,100.0,-0.03556100000000015
Cell3,3900,C1dc,631.7149,3075.45,4.1904,2.6998,40.368,3077,2015-10-19 16:34:55.332355,6300,2400,735.1196,0.8593362222963447,103.40470000000005,-0.6271000000000413,100.0,-0.0062710000000004125
Cell3,4000,C1dc,629.6603,3065.45,4.1902,2.7001,40.396,3067,2015-10-26 15:53:17.627808,6300,2300,735.1196,0.8565413029390048,105.45929999999998,-2.0545999999999367,100.0,-0.020545999999999367
Cell3,4100,C1dc,626.6625,3050.8,4.1889,2.6998,40.401,3052,2015-11-04 10:48:27.827666,6300,2200,735.1196,0.8524633270558968,108.45709999999997,-2.997799999999984,100.0,-0.029977999999999838
Cell3,4200,C1dc,625.6676,3045.86,4.1893,2.6999,40.408,3047,2015-11-11 15:33:43.767870,6300,2100,735.1196,0.8511099418380356,109.452,-0.9949000000000296,100.0,-0.009949000000000296
Cell3,4300,C1dc,623.8029,3036.98,4.1894,2.7,40.383,3038,2015-11-18 14:18:38.818095,6300,2000,735.1196,0.8485733477926586,111.31669999999997,-1.8646999999999707,100.0,-0.018646999999999705
Cell3,4400,C1dc,621.8626,3027.51,4.1889,2.6998,40.388,3029,2015-11-25 13:18:45.703949,6300,1900,735.1196,0.8459339133387276,113.25699999999995,-1.9402999999999793,100.0,-0.019402999999999792
Cell3,4500,C1dc,618.4472,3010.84,4.1876,2.7001,40.384,3012,2015-12-03 12:30:01.493669,6300,1800,735.1196,0.8412878666274167,116.67240000000004,-3.4154000000000906,100.0,-0.034154000000000906
Cell3,4600,C1dc,617.3971,3005.82,4.1886,2.6998,40.348,3007,2015-12-10 11:00:54.789477,6300,1700,735.1196,0.8398593915874369,117.72249999999997,-1.0500999999999294,100.0,-0.010500999999999294
Cell3,4800,C1dc,613.8286,2988.49,4.1885,2.7001,40.373,2990,2015-12-26 12:10:29.922554,6300,1500,735.1196,0.835005079445576,121.29099999999994,-3.568499999999972,200.0,-0.01784249999999986
Cell3,5000,C1dc,608.9249,2964.47,4.1872,2.7001,40.345,2966,2016-01-19 17:02:19.228468,6300,1300,735.1196,0.8283344642150746,126.19470000000001,-4.903700000000072,200.0,-0.02451850000000036
Cell3,5100,C1dc,607.5596,2958.12,4.188,2.7001,40.34,2960,2016-01-26 14:29:39.663464,6300,1200,735.1196,0.826477215408214,127.55999999999995,-1.3652999999999338,100.0,-0.013652999999999338
Cell3,5200,C1dc,604.4512,2942.86,4.1866,2.6998,40.422,2944,2016-02-07 16:51:10.326061,6300,1100,735.1196,0.8222487878162954,130.66840000000002,-3.108400000000074,100.0,-0.031084000000000743
Cell3,5300,C1dc,604.3594,2942.58,4.188,2.7001,40.438,2944,2016-02-14 14:10:38.868958,6300,1000,735.1196,0.8221239101773372,130.76019999999994,-0.09179999999992106,100.0,-0.0009179999999992106
Cell3,5400,C1dc,602.5055,2933.65,4.1878,2.7003,40.442,2935,2016-02-21 11:26:06.358144,6300,900,735.1196,0.8196020076188962,132.6141,-1.853900000000067,100.0,-0.01853900000000067
Cell3,5500,C1dc,599.4989,2918.8,4.1862,2.6999,40.475,2920,2016-03-04 23:46:03.117665,6300,800,735.1196,0.8155120608945811,135.62069999999994,-3.006599999999935,100.0,-0.03006599999999935
Cell3,5600,C1dc,599.6266,2919.52,4.1875,2.6999,40.474,2921,2016-03-11 20:52:19.125704,6300,700,735.1196,0.8156857741243738,135.49299999999994,0.12770000000000437,100.0,0.0012770000000000437
Cell3,5700,C1dc,597.947,2911.43,4.1872,2.7,40.499,2913,2016-03-18 17:54:35.827377,6300,600,735.1196,0.8134009758412101,137.1726,-1.6796000000000504,100.0,-0.016796000000000505
Cell3,5800,C1dc,595.6181,2899.94,4.1861,2.7001,40.496,2901,2016-03-25 19:00:24.225061,6300,500,735.1196,0.8102329199221461,139.50149999999996,-2.328899999999976,100.0,-0.02328899999999976
Cell3,5900,C1dc,594.1607,2892.96,4.1869,2.7001,40.479,2894,2016-04-01 15:53:16.997868,6300,400,735.1196,0.8082503853794676,140.95889999999997,-1.457400000000007,100.0,-0.01457400000000007
Cell3,6000,C1dc,592.2878,2883.93,4.1868,2.7001,40.487,2885,2016-04-08 12:41:36.467499,6300,300,735.1196,0.8057026366866017,142.83180000000004,-1.8729000000000724,100.0,-0.018729000000000724
Cell3,6100,C1dc,589.3378,2869.26,4.1846,2.7003,40.622,2871,2016-04-16 14:25:07.036267,6300,200,735.1196,0.8016896842364154,145.78179999999998,-2.949999999999932,100.0,-0.02949999999999932
Cell3,6200,C1dc,588.8489,2867.07,4.1862,2.7,40.614,2869,2016-04-23 11:03:12.202210,6300,100,735.1196,0.801024622387976,146.27070000000003,-0.48890000000005784,100.0,-0.004889000000000579
Cell3,6300,C1dc,587.1627,2858.93,4.1858,2.6998,40.593,2860,2016-04-30 07:37:04.340275,6300,0,735.1196,0.7987308459739068,147.95690000000002,-1.6861999999999853,100.0,-0.016861999999999853
Cell3,6400,C1dc,584.8877,2847.69,4.1844,2.7,40.644,2849,2016-05-09 11:24:27.983260,6300,-100,735.1196,0.7956361114572377,150.2319,-2.2749999999999773,100.0,-0.022749999999999774
Cell3,6500,C1dc,584.6155,2846.53,4.186,2.7002,40.658,2848,2016-05-16 07:50:15.073796,6300,-200,735.1196,0.795265831573529,150.5041,-0.272199999999998,100.0,-0.00272199999999998
Cell3,6600,C1dc,582.9968,2838.7,4.1859,2.7,40.653,2840,2016-05-23 04:11:06.112718,6300,-300,735.1196,0.7930638769528116,152.12279999999998,-1.6186999999999898,100.0,-0.0161869999999999
Cell3,6700,C1dc,582.4711,2835.9,4.1842,2.7003,40.623,2837,2016-06-09 11:32:09.643258,6300,-400,735.1196,0.7923487552229597,152.6485,-0.5257000000000289,100.0,-0.005257000000000289
Cell3,6800,C1dc,582.6698,2837.12,4.1862,2.6999,40.656,2839,2016-06-16 07:44:52.220357,6300,-500,735.1196,0.7926190513761299,152.44979999999998,0.19870000000003074,100.0,0.0019870000000003075
Cell3,6900,C1dc,581.1245,2829.68,4.1859,2.6999,40.671,2831,2016-06-23 03:53:03.005095,6300,-600,735.1196,0.7905169444536644,153.99509999999998,-1.5452999999999975,100.0,-0.015452999999999974
Cell3,7000,C1dc,578.7012,2817.75,4.1838,2.7,40.623,2819,2016-07-04 16:43:31.070666,6300,-700,735.1196,0.7872204740561943,156.41840000000002,-2.42330000000004,100.0,-0.024233000000000404
Cell3,7100,C1dc,580.2683,2825.5,4.1884,2.6999,40.649,2827,2016-07-11 14:05:27.408688,6300,-800,735.1196,0.7893522360171051,154.85130000000004,1.5670999999999822,100.0,0.01567099999999982
Cell3,7200,C1dc,577.6092,2812.48,4.1856,2.6997,40.688,2814,2016-07-18 10:04:51.884030,6300,-900,735.1196,0.7857350014881932,157.5104,-2.6590999999999667,100.0,-0.026590999999999667
Cell3,7300,C1dc,575.9966,2804.79,4.1856,2.7,40.674,2806,2016-07-25 06:00:14.548121,6300,-1000,735.1196,0.7835413448369489,159.12300000000005,-1.612600000000043,100.0,-0.01612600000000043
Cell3,7400,C1dc,574.076,2795.26,4.1836,2.6999,40.698,2797,2016-08-01 10:56:46.478261,6300,-1100,735.1196,0.780928708743448,161.04359999999997,-1.9205999999999221,100.0,-0.01920599999999922
Cell3,7500,C1dc,573.0825,2790.5,4.1852,2.6999,40.682,2792,2016-08-08 06:46:13.157207,6300,-1200,735.1196,0.7795772279775971,162.0371,-0.99350000000004,100.0,-0.0099350000000004
Cell3,7600,C1dc,571.5622,2783.16,4.1847,2.6999,40.688,2785,2016-08-15 02:31:52.327591,6300,-1300,735.1196,0.7775091291267434,163.55740000000003,-1.5203000000000202,100.0,-0.015203000000000202
Cell3,7700,C1dc,569.8652,2774.68,4.1828,2.7001,40.635,2776,2016-08-22 16:11:23.853871,6300,-1400,735.1196,0.7752006612257379,165.25440000000003,-1.6970000000000027,100.0,-0.016970000000000027
Cell3,7800,C1dc,569.3135,2772.12,4.1843,2.6999,40.639,2774,2016-08-29 11:51:22.356479,6300,-1500,735.1196,0.7744501711014099,165.80610000000001,-0.5516999999999825,100.0,-0.005516999999999825
Cell3,7900,C1dc,567.8694,2765.18,4.1843,2.7001,40.634,2767,2016-09-05 07:27:23.412004,6300,-1600,735.1196,0.772485728852829,167.25019999999995,-1.4440999999999349,100.0,-0.014440999999999348
Cell3,8000,C1dc,566.4619,2758.15,4.1826,2.7001,40.67,2760,2016-09-13 14:55:40.248864,6300,-1700,735.1196,0.7705710744210874,168.65769999999998,-1.4075000000000273,100.0,-0.014075000000000273
Cell3,8100,C1dc,565.8573,2755.38,4.1842,2.7001,40.613,2757,2016-09-20 10:28:06.680196,6300,-1800,735.1196,0.7697486232172289,169.26229999999998,-0.6046000000000049,100.0,-0.006046000000000049
Cell4,0,C1dc,734.0756,3573.63,4.1899,2.7001,40.808,3575,2014-12-21 19:35:34.631458,4800,4800,734.0756,1.0,0.0,,,0.0
Cell4,100,C1dc,725.6896,3532.85,4.1919,2.6998,40.764,3534,2014-12-28 23:42:30.782999,4800,4700,734.0756,0.9885761085098047,8.385999999999967,-8.385999999999967,100.0,-0.08385999999999967
Cell4,200,C1dc,720.5209,3508.22,4.1921,2.7,40.757,3510,2015-01-05 03:32:25.093463,4800,4600,734.0756,0.9815350081108812,13.554700000000025,-5.168700000000058,100.0,-0.05168700000000058
Cell4,300,C1dc,716.8994,3489.67,4.1918,2.6999,40.755,3491,2015-01-13 19:03:49.768475,4800,4500,734.0756,0.9766015925335211,17.176199999999994,-3.621499999999969,100.0,-0.03621499999999969
Cell4,400,C1dc,711.609,3464.2,4.1924,2.7,40.745,3466,2015-01-20 22:20:44.023193,4800,4400,734.0756,0.9693947053954661,22.46659999999997,-5.290399999999977,100.0,-0.05290399999999977
Cell4,500,C1dc,707.5381,3444.89,4.1926,2.7001,40.75,3446,2015-01-28 01:23:23.683139,4800,4300,734.0756,0.9638490912925044,26.537500000000023,-4.0709000000000515,100.0,-0.040709000000000516
Cell4,600,C1dc,703.3675,3424.1,4.1928,2.7,40.739,3426,2015-02-04 04:14:25.621654,4800,4200,734.0756,0.958167660115661,30.70810000000006,-4.170600000000036,100.0,-0.04170600000000036
Cell4,700,C1dc,701.7227,3414.18,4.1921,2.6999,40.766,3416,2015-02-11 19:00:56.061270,4800,4100,734.0756,0.9559270189609899,32.35289999999998,-1.6447999999999183,100.0,-0.016447999999999182
Cell4,800,C1dc,698.0058,3396.02,4.1925,2.6999,40.767,3398,2015-02-18 21:29:13.274769,4800,4000,734.0756,0.9508636440170468,36.06979999999999,-3.7169000000000096,100.0,-0.0371690000000001
Cell4,900,C1dc,694.5156,3379.12,4.1925,2.7,40.765,3381,2015-02-25 23:46:55.471576,4800,3900,734.0756,0.946109092850927,39.56000000000006,-3.4902000000000726,100.0,-0.034902000000000724
Cell4,1000,C1dc,690.9175,3361.61,4.1924,2.6998,40.746,3363,2015-03-05 01:53:12.023932,4800,3800,734.0756,0.9412075540993325,43.15809999999999,-3.5980999999999312,100.0,-0.03598099999999931
Cell4,1100,C1dc,687.1888,3343.73,4.1921,2.6999,40.796,3345,2015-03-12 03:47:19.811915,4800,3700,734.0756,0.9361281045167555,46.886799999999994,-3.7287000000000035,100.0,-0.037287000000000035
Cell4,1200,C1dc,682.9508,3323.12,4.1921,2.7,40.763,3325,2015-03-19 05:31:09.355957,4800,3600,734.0756,0.930354857183647,51.12480000000005,-4.238000000000056,100.0,-0.04238000000000056
Cell4,1300,C1dc,678.9738,3303.92,4.1915,2.7,40.785,3305,2015-03-26 07:00:47.122050,4800,3500,734.0756,0.9249371590610013,55.101800000000026,-3.9769999999999754,100.0,-0.03976999999999976
Cell4,1400,C1dc,674.7947,3283.55,4.1912,2.6999,40.785,3285,2015-04-02 08:19:29.492071,4800,3400,734.0756,0.9192441486953116,59.280899999999974,-4.1790999999999485,100.0,-0.04179099999999949
Cell4,1600,C1dc,667.0887,3245.93,4.1901,2.7001,40.823,3247,2015-04-17 13:14:43.585266,4800,3200,734.0756,0.9087465923128354,66.98689999999999,-7.706000000000017,200.0,-0.038530000000000085
Cell4,1800,C1dc,659.5061,3208.88,4.19,2.6999,40.81,3210,2015-05-04 18:03:56.036066,4800,3000,734.0756,0.8984171385072599,74.56950000000006,-7.58260000000007,200.0,-0.03791300000000035
Cell4,1900,C1dc,655.8003,3190.94,4.1898,2.7,40.769,3192,2015-05-12 12:40:32.405877,4800,2900,734.0756,0.893368884621693,78.27530000000002,-3.705799999999954,100.0,-0.037057999999999536
Cell4,2000,C1dc,651.8359,3171.43,4.1896,2.7002,40.739,3173,2015-05-20 12:40:07.355068,4800,2800,734.0756,0.8879683509436903,82.23969999999997,-3.964399999999955,100.0,-0.03964399999999955
Cell4,2100,C1dc,649.1323,3158.5,4.1904,2.7,40.789,3160,2015-05-27 13:58:16.923003,4800,2700,734.0756,0.8842853515359999,84.94330000000002,-2.7036000000000513,100.0,-0.027036000000000514
Cell4,2200,C1dc,644.8276,3137.59,4.1891,2.6999,40.769,3139,2015-06-04 15:40:04.111472,4800,2600,734.0756,0.8784212416268842,89.24800000000005,-4.304700000000025,100.0,-0.04304700000000025
Cell4,2300,C1dc,642.7346,3127.45,4.19,2.6999,40.805,3129,2015-06-11 16:43:05.850867,4800,2500,734.0756,0.8755700366556252,91.34100000000001,-2.092999999999961,100.0,-0.02092999999999961
Cell4,2400,C1dc,639.7795,3113.21,4.189,2.7,40.809,3115,2015-06-19 15:19:37.244661,4800,2400,734.0756,0.8715444294838297,94.29610000000002,-2.955100000000016,100.0,-0.029551000000000157
Cell4,2500,C1dc,637.9125,3104.19,4.1899,2.7,40.834,3106,2015-06-26 16:11:44.093432,4800,2300,734.0756,0.8690010947101361,96.16309999999999,-1.8669999999999618,100.0,-0.018669999999999617
Cell4,2600,C1dc,632.8443,3079.64,4.1881,2.6999,40.834,3081,2015-07-06 19:57:17.613075,4800,2200,734.0756,0.8620969011911034,101.23130000000003,-5.068200000000047,100.0,-0.05068200000000047
Cell4,2700,C1dc,631.3568,3072.26,4.1895,2.6999,40.829,3074,2015-07-13 20:34:06.930934,4800,2100,734.0756,0.8600705431429678,102.71879999999999,-1.4874999999999545,100.0,-0.014874999999999545
Cell4,2800,C1dc,629.2343,3062.0,4.1894,2.7001,40.838,3064,2015-07-20 21:00:52.711583,4800,2000,734.0756,0.8571791515751238,104.84130000000005,-2.122500000000059,100.0,-0.02122500000000059
Cell4,2900,C1dc,624.4072,3038.27,4.1874,2.7,40.795,3040,2015-08-01 18:54:43.775661,4800,1900,734.0756,0.8506033983420781,109.66840000000002,-4.827099999999973,100.0,-0.04827099999999973
Cell4,3000,C1dc,624.0242,3036.92,4.1894,2.6998,40.86,3038,2015-08-08 19:13:07.886620,4800,1800,734.0756,0.8500816537152304,110.05140000000006,-0.3830000000000382,100.0,-0.003830000000000382
Cell4,3100,C1dc,621.0406,3022.23,4.1889,2.6999,40.836,3024,2015-08-15 19:19:54.152371,4800,1700,734.0756,0.8460172222043616,113.03499999999997,-2.9835999999999103,100.0,-0.029835999999999103
Cell4,3200,C1dc,617.4298,3004.53,4.187,2.7,40.823,3006,2015-08-24 18:41:01.965071,4800,1600,734.0756,0.8410983827823728,116.64580000000001,-3.61080000000004,100.0,-0.036108000000000404
Cell4,3300,C1dc,616.6101,3000.59,4.1885,2.7,40.823,3002,2015-08-31 18:44:46.947275,4800,1500,734.0756,0.8399817403003178,117.46550000000002,-0.8197000000000116,100.0,-0.008197000000000116
Cell4,3500,C1dc,610.0098,2968.38,4.1866,2.7,40.712,2970,2015-09-16 14:29:04.229267,4800,1300,734.0756,0.8309904320481433,124.06579999999997,-6.600299999999947,200.0,-0.03300149999999974
Cell4,3600,C1dc,609.0845,2963.87,4.1887,2.7,40.744,2965,2015-09-23 14:10:10.557504,4800,1200,734.0756,0.8297299351728896,124.99109999999996,-0.9252999999999929,100.0,-0.00925299999999993
Cell4,3700,C1dc,606.8422,2953.01,4.1885,2.7,41.091,2955,2015-09-30 13:38:30.695942,4800,1100,734.0756,0.8266753451551857,127.23339999999996,-2.2423,100.0,-0.022423000000000002
Cell4,3800,C1dc,602.1429,2930.11,4.1863,2.7001,40.793,2932,2015-10-12 17:31:52.313268,4800,1000,734.0756,0.8202736884320907,131.93269999999995,-4.699299999999994,100.0,-0.04699299999999994
Cell4,3900,C1dc,602.2591,2930.77,4.1884,2.7,40.798,2932,2015-10-19 16:55:15.722185,4800,900,734.0756,0.8204319827549097,131.81650000000002,0.11619999999993524,100.0,0.0011619999999993524
Cell4,4000,C1dc,600.8081,2923.87,4.1881,2.7,40.836,2925,2015-10-26 16:17:45.287057,4800,800,734.0756,0.8184553471059384,133.26750000000004,-1.4510000000000218,100.0,-0.014510000000000219
Cell4,4100,C1dc,596.5517,2902.99,4.1861,2.7002,40.813,2904,2015-11-04 10:49:21.557872,4800,700,734.0756,0.812657034234621,137.52390000000003,-4.256399999999985,100.0,-0.04256399999999985
Cell4,4200,C1dc,595.6565,2898.82,4.1868,2.7,40.819,2900,2015-11-11 15:34:22.384267,4800,600,734.0756,0.8114375413104591,138.41909999999996,-0.8951999999999316,100.0,-0.008951999999999316
Cell4,4300,C1dc,593.6653,2888.99,4.1871,2.6999,40.813,2890,2015-11-18 14:35:03.153200,4800,500,734.0756,0.8087250141538556,140.4103,-1.991200000000049,100.0,-0.01991200000000049
Cell4,4400,C1dc,591.9132,2880.47,4.1871,2.7001,40.811,2882,2015-11-25 13:29:08.317359,4800,400,734.0756,0.8063382027682162,142.16240000000005,-1.7521000000000413,100.0,-0.01752100000000041
Cell4,4500,C1dc,588.2731,2862.63,4.1849,2.7003,40.792,2864,2015-12-03 12:31:01.830064,4800,300,734.0756,0.8013794492011449,145.8025,-3.6400999999999613,100.0,-0.036400999999999614
Cell4,4600,C1dc,587.8162,2860.48,4.1865,2.7002,40.779,2862,2015-12-10 11:19:33.811631,4800,200,734.0756,0.8007570337442084,146.25940000000003,-0.45690000000001874,100.0,-0.0045690000000001875
Cell4,4800,C1dc,584.5268,2844.58,4.1865,2.7002,40.806,2846,2015-12-26 12:31:43.662205,4800,0,734.0756,0.7962760238863681,149.54880000000003,-3.2894000000000005,200.0,-0.016447000000000003
Cell4,5000,C1dc,582.3379,2833.9,4.1844,2.6999,40.755,2835,2016-01-19 17:03:18.989067,4800,-200,734.0756,0.7932941784197703,151.73770000000002,-2.1888999999999896,200.0,-0.010944499999999947
Cell4,5100,C1dc,581.2338,2828.7,4.1853,2.7001,40.759,2830,2016-01-26 13:21:44.177795,4800,-300,734.0756,0.7917901099014869,152.84180000000003,-1.1041000000000167,100.0,-0.011041000000000167
Cell5,0,C1dc,735.3361,3587.84,4.1913,2.6998,41.464,3589,2014-12-21 19:35:05.154460,5000,5000,735.3361,1.0,0.0,,,0.0
Cell5,100,C1dc,726.3272,3544.47,4.1925,2.7001,41.476,3546,2014-12-28 23:19:17.286323,5000,4900,735.3361,0.9877485955061909,9.00890000000004,-9.00890000000004,100.0,-0.09008900000000039
Cell5,200,C1dc,721.6144,3521.6,4.193,2.7,41.462,3523,2015-01-05 02:44:48.399171,5000,4800,735.3361,0.9813395534368571,13.721699999999942,-4.712799999999902,100.0,-0.04712799999999902
Cell5,300,C1dc,718.1409,3504.23,4.1925,2.6999,41.507,3506,2015-01-13 19:04:10.140070,5000,4700,735.3361,0.9766158631406782,17.1952,-3.473500000000058,100.0,-0.034735000000000585
Cell5,400,C1dc,713.4979,3481.59,4.1931,2.7001,41.469,3483,2015-01-20 22:01:09.038095,5000,4600,735.3361,0.9703017436516445,21.83820000000003,-4.643000000000029,100.0,-0.04643000000000029
Cell5,500,C1dc,709.9295,3464.45,4.1932,2.6998,41.459,3466,2015-01-28 00:45:49.206040,5000,4500,735.3361,0.965448996724083,25.406600000000026,-3.568399999999997,100.0,-0.035683999999999966
Cell5,600,C1dc,706.7198,3449.3,4.1929,2.7001,41.484,3451,2015-02-04 03:19:30.264644,5000,4400,735.3361,0.961084053944856,28.616300000000024,-3.209699999999998,100.0,-0.03209699999999998
Cell5,700,C1dc,704.4068,3428.99,4.1925,2.7,41.485,3430,2015-02-11 19:00:57.720866,5000,4300,735.3361,0.9579385535403471,30.929300000000012,-2.312999999999988,100.0,-0.023129999999999883
Cell5,800,C1dc,701.0296,3412.62,4.1932,2.7,41.469,3414,2015-02-18 21:21:52.980527,5000,4200,735.3361,0.9533458237668462,34.30650000000003,-3.377200000000016,100.0,-0.03377200000000016
Cell5,900,C1dc,698.25,3399.17,4.1931,2.6998,41.463,3401,2015-02-25 23:33:35.297149,5000,4100,735.3361,0.94956578359202,37.08609999999999,-2.7795999999999594,100.0,-0.027795999999999595
Cell5,1000,C1dc,695.5577,3386.16,4.1928,2.7,41.463,3388,2015-03-05 01:36:05.992030,5000,4000,735.3361,0.9459044646386869,39.77840000000003,-2.6923000000000457,100.0,-0.026923000000000457
Cell5,1100,C1dc,692.5532,3371.55,4.1929,2.7,41.474,3373,2015-03-12 03:29:58.233789,5000,3900,735.3361,0.9418185779264746,42.78290000000004,-3.0045000000000073,100.0,-0.03004500000000007
Cell5,1200,C1dc,689.7776,3358.13,4.1927,2.6998,41.463,3360,2015-03-19 05:14:14.808040,5000,3800,735.3361,0.938043977441064,45.55849999999998,-2.7755999999999403,100.0,-0.027755999999999403
Cell5,1300,C1dc,687.1136,3345.19,4.1927,2.7001,41.484,3347,2015-03-26 06:49:58.052739,5000,3700,735.3361,0.9344211442903456,48.22249999999997,-2.6639999999999873,100.0,-0.026639999999999872
Cell5,1400,C1dc,684.5275,3332.65,4.1929,2.6999,41.492,3334,2015-04-02 08:17:00.966654,5000,3600,735.3361,0.930904249090994,50.808599999999956,-2.5860999999999876,100.0,-0.025860999999999877
Cell5,1600,C1dc,678.6439,3303.66,4.1915,2.7001,41.499,3305,2015-04-17 13:14:31.259262,5000,3400,735.3361,0.922903009929745,56.69219999999996,-5.883600000000001,200.0,-0.029418000000000007
Cell5,1800,C1dc,672.7264,3274.9,4.1917,2.7001,41.52,3276,2015-05-04 18:03:38.930265,5000,3200,735.3361,0.9148556694007,62.609699999999975,-5.917500000000018,200.0,-0.02958750000000009
Cell5,1900,C1dc,669.604,3259.78,4.1915,2.7002,41.521,3261,2015-05-12 12:40:16.015873,5000,3100,735.3361,0.910609447842966,65.73209999999995,-3.1223999999999705,100.0,-0.031223999999999707
Cell5,2000,C1dc,666.5616,3245.07,4.1912,2.7002,41.56,3247,2015-05-20 12:39:43.434075,5000,3000,735.3361,0.9064720200735419,68.77449999999999,-3.0424000000000433,100.0,-0.030424000000000433
Cell5,2100,C1dc,664.1121,3233.19,4.1918,2.7,41.503,3235,2015-05-27 13:34:12.909894,5000,2900,735.3361,0.9031408902677294,71.22399999999993,-2.4494999999999436,100.0,-0.024494999999999437
Cell5,2200,C1dc,661.1156,3218.55,4.1912,2.7001,41.548,3220,2015-06-04 15:39:37.872870,5000,2800,735.3361,0.899065882934348,74.22050000000002,-2.9965000000000828,100.0,-0.029965000000000828
Cell5,2300,C1dc,659.0853,3208.69,4.1914,2.7001,41.517,3210,2015-06-11 16:19:55.997312,5000,2700,735.3361,0.8963048325792791,76.25080000000003,-2.030300000000011,100.0,-0.020303000000000113
Cell5,2400,C1dc,655.6246,3191.81,4.1907,2.6999,41.538,3193,2015-06-19 15:19:08.996665,5000,2600,735.3361,0.8915985492892298,79.7115,-3.4606999999999744,100.0,-0.03460699999999974
Cell5,2500,C1dc,653.572,3181.83,4.1912,2.6999,41.493,3183,2015-06-26 15:48:37.202272,5000,2500,735.3361,0.8888071726656696,81.76409999999998,-2.052599999999984,100.0,-0.02052599999999984
Cell5,2600,C1dc,650.1803,3165.24,4.1907,2.6999,41.502,3167,2015-07-06 19:56:57.171675,5000,2400,735.3361,0.8841947240180374,85.1558,-3.3917000000000144,100.0,-0.03391700000000014
Cell5,2700,C1dc,648.6555,3157.91,4.191,2.7,41.492,3159,2015-07-13 20:12:49.225051,5000,2300,735.3361,0.8821211144128515,86.68060000000003,-1.5248000000000275,100.0,-0.015248000000000275
Cell5,2800,C1dc,646.3729,3146.82,4.1908,2.7001,41.5,3148,2015-07-20 20:40:11.894063,5000,2200,735.3361,0.8790169556479003,88.96320000000003,-2.282600000000002,100.0,-0.022826000000000023
Cell5,2900,C1dc,643.0683,3130.78,4.1902,2.6999,41.586,3132,2015-08-01 18:54:04.059863,5000,2100,735.3361,0.8745229562372907,92.26779999999997,-3.3045999999999367,100.0,-0.03304599999999937
Cell5,3000,C1dc,642.1362,3126.13,4.1906,2.7,41.468,3128,2015-08-08 18:51:09.498398,5000,2000,735.3361,0.8732553726112454,93.19989999999996,-0.9320999999999913,100.0,-0.009320999999999913
Cell5,3100,C1dc,639.808,3114.89,4.1904,2.6998,41.517,3116,2015-08-15 19:00:34.819844,5000,1900,735.3361,0.8700892013869577,95.5281,-2.328200000000038,100.0,-0.02328200000000038
Cell5,3200,C1dc,636.6188,3099.35,4.1896,2.7,41.562,3101,2015-08-24 18:40:37.316472,5000,1800,735.3361,0.8657521370159849,98.71730000000002,-3.189200000000028,100.0,-0.03189200000000028
Cell5,3300,C1dc,635.5654,3094.33,4.1904,2.7002,41.546,3096,2015-08-31 18:19:43.425094,5000,1700,735.3361,0.8643195948084148,99.77070000000003,-1.0534000000000106,100.0,-0.010534000000000106
Cell5,3500,C1dc,629.1526,3063.14,4.1886,2.7002,41.607,3065,2015-09-16 14:28:51.681669,5000,1500,735.3361,0.8555986847374962,106.18349999999998,-6.412799999999947,200.0,-0.03206399999999974
Cell5,3600,C1dc,628.5798,3060.46,4.1906,2.6999,41.556,3062,2015-09-23 13:42:47.727288,5000,1400,735.3361,0.8548197212131976,106.75630000000001,-0.5728000000000293,100.0,-0.005728000000000293
Cell5,3700,C1dc,626.4542,3050.07,4.1904,2.7,41.557,3052,2015-09-30 13:14:18.979486,5000,1300,735.3361,0.8519290702578046,108.88189999999997,-2.125599999999963,100.0,-0.02125599999999963
Cell5,3800,C1dc,622.743,3031.92,4.1896,2.7002,41.578,3033,2015-10-12 17:31:28.397666,5000,1200,735.3361,0.8468821264181101,112.59309999999994,-3.7111999999999625,100.0,-0.037111999999999624
Cell5,3900,C1dc,622.2255,3029.45,4.1902,2.7,41.549,3031,2015-10-19 16:32:26.404446,5000,1100,735.3361,0.8461783665999807,113.11059999999998,-0.5175000000000409,100.0,-0.005175000000000409
Cell5,4000,C1dc,620.0544,3018.82,4.1899,2.7001,41.554,3020,2015-10-26 15:54:22.843115,5000,1000,735.3361,0.8432258391774863,115.2817,-2.171100000000024,100.0,-0.02171100000000024
Cell5,4100,C1dc,616.9927,3003.9,4.1885,2.7,41.59,3005,2015-11-04 10:48:41.920066,5000,900,735.3361,0.8390621649066325,118.34339999999997,-3.0616999999999734,100.0,-0.030616999999999735
Cell5,4200,C1dc,616.003,2999.11,4.1888,2.6998,41.583,3001,2015-11-11 15:33:56.539869,5000,800,735.3361,0.8377162497530042,119.33309999999994,-0.9896999999999707,100.0,-0.009896999999999706
Cell5,4300,C1dc,614.413,2991.48,4.1895,2.7001,41.572,2993,2015-11-18 14:14:58.131674,5000,700,735.3361,0.8355539732103456,120.92309999999998,-1.5900000000000318,100.0,-0.015900000000000317
Cell5,4400,C1dc,612.4443,2981.87,4.189,2.7,41.571,2983,2015-11-25 13:05:49.654960,5000,600,735.3361,0.8328766940722753,122.89179999999999,-1.9687000000000126,100.0,-0.019687000000000125
Cell5,4500,C1dc,609.5276,2967.65,4.1871,2.7001,41.617,2969,2015-12-03 12:30:20.674061,5000,500,735.3361,0.8289102085427331,125.80849999999998,-2.9166999999999916,100.0,-0.029166999999999915
Cell5,4600,C1dc,608.9827,2965.09,4.1886,2.7,41.576,2967,2015-12-10 10:57:49.547221,5000,400,735.3361,0.8281691868521075,126.35339999999997,-0.5448999999999842,100.0,-0.005448999999999842
Cell5,4800,C1dc,605.3543,2947.44,4.1883,2.7001,41.579,2949,2015-12-26 12:08:31.826846,5000,200,735.3361,0.8232348445833136,129.98180000000002,-3.628400000000056,200.0,-0.01814200000000028
Cell5,5000,C1dc,456.1289,2220.92,4.1315,2.7,41.812,2222,2016-01-19 17:23:05.138256,5000,0,735.3361,0.6202998873576314,279.2072,-149.22539999999998,200.0,-0.7461269999999999
Cell6,0,C1dc,732.7948,3557.68,4.1898,2.6999,41.188,3559,2014-12-21 19:35:26.676864,4600,4600,732.7948,1.0,0.0,,,0.0
Cell6,100,C1dc,724.6838,3518.69,4.1921,2.7,41.31,3520,2014-12-28 23:38:50.730099,4600,4500,732.7948,0.9889314170897501,8.11099999999999,-8.11099999999999,100.0,-0.0811099999999999
Cell6,200,C1dc,719.9781,3496.1,4.1923,2.6999,41.301,3498,2015-01-05 03:24:32.926179,4600,4400,732.7948,0.9825098376789793,12.816699999999969,-4.705699999999979,100.0,-0.047056999999999786
Cell6,300,C1dc,716.7605,3480.23,4.1919,2.6999,41.346,3482,2015-01-13 19:05:32.665070,4600,4300,732.7948,0.9781189768268006,16.03430000000003,-3.2176000000000613,100.0,-0.032176000000000614
Cell6,400,C1dc,711.6737,3455.5,4.1928,2.7002,41.368,3457,2015-01-20 22:22:47.931191,4600,4200,732.7948,0.971177333681953,21.121099999999956,-5.086799999999926,100.0,-0.050867999999999254
Cell6,500,C1dc,707.7771,3437.06,4.1926,2.7,41.361,3439,2015-01-28 01:27:11.782988,4600,4100,732.7948,0.965859883285198,25.01769999999999,-3.896600000000035,100.0,-0.03896600000000035
Cell6,600,C1dc,704.2492,3419.51,4.1926,2.7001,41.378,3421,2015-02-04 04:20:52.279877,4600,4000,732.7948,0.9610455751050635,28.545600000000036,-3.527900000000045,100.0,-0.03527900000000045
Cell6,700,C1dc,702.8096,3417.77,4.1924,2.7,41.354,3419,2015-02-11 19:01:25.656261,4600,3900,732.7948,0.9590810415139409,29.985199999999963,-1.4395999999999276,100.0,-0.014395999999999276
Cell6,800,C1dc,698.8143,3398.21,4.1927,2.7,41.377,3400,2015-02-18 21:33:22.403301,4600,3800,732.7948,0.9536289012967887,33.980500000000006,-3.995300000000043,100.0,-0.03995300000000043
Cell6,900,C1dc,696.0257,3384.71,4.1927,2.7001,41.381,3386,2015-02-25 23:53:57.991614,4600,3700,732.7948,0.9498234703630539,36.76909999999998,-2.788599999999974,100.0,-0.02788599999999974
Cell6,1000,C1dc,692.8135,3369.12,4.1927,2.7,41.376,3371,2015-03-05 02:05:22.633739,4600,3600,732.7948,0.9454399785587998,39.98130000000003,-3.2122000000000526,100.0,-0.032122000000000525
Cell6,1100,C1dc,689.8064,3354.57,4.1925,2.7,41.379,3356,2015-03-12 04:07:10.545821,4600,3500,732.7948,0.9413363741118251,42.988399999999956,-3.007099999999923,100.0,-0.03007099999999923
Cell6,1200,C1dc,686.8602,3340.31,4.1926,2.7001,41.377,3342,2015-03-19 05:58:58.745142,4600,3400,732.7948,0.9373158761497761,45.934600000000046,-2.94620000000009,100.0,-0.029462000000000897
Cell6,1300,C1dc,683.7787,3325.36,4.192,2.7004,41.384,3327,2015-03-26 07:41:29.552375,4600,3300,732.7948,0.9331107425980643,49.01610000000005,-3.0815000000000055,100.0,-0.030815000000000054
Cell6,1400,C1dc,680.8694,3311.26,4.1922,2.7,41.399,3313,2015-04-02 09:14:30.108205,4600,3200,732.7948,0.9291405997968326,51.92539999999997,-2.9092999999999165,100.0,-0.029092999999999165
Cell6,1600,C1dc,674.4,3279.72,4.1912,2.7001,41.413,3281,2015-04-17 13:14:43.876061,4600,3000,732.7948,0.9203122074556206,58.39480000000003,-6.469400000000064,200.0,-0.03234700000000032
Cell6,1800,C1dc,669.183,3254.05,4.1908,2.7,41.44,3256,2015-05-04 18:03:52.906472,4600,2800,732.7948,0.913192888377483,63.61180000000002,-5.2169999999999845,200.0,-0.026084999999999924
Cell6,1900,C1dc,666.0073,3238.85,4.1907,2.7,41.442,3240,2015-05-12 12:40:29.532075,4600,2700,732.7948,0.9088592058786443,66.78750000000002,-3.175700000000006,100.0,-0.03175700000000006
Cell6,2000,C1dc,662.6078,3222.35,4.1904,2.7,41.484,3224,2015-05-20 12:39:59.217675,4600,2600,732.7948,0.9042201172824916,70.18700000000001,-3.399499999999989,100.0,-0.03399499999999989
Cell6,2100,C1dc,660.0616,3209.88,4.1913,2.7,41.485,3211,2015-05-27 13:52:39.995510,4600,2500,732.7948,0.9007454747222551,72.73320000000001,-2.546199999999999,100.0,-0.025461999999999988
Cell6,2200,C1dc,656.375,3192.04,4.19,2.7,41.477,3194,2015-06-04 15:39:54.585674,4600,2400,732.7948,0.8957145984114516,76.41980000000001,-3.6865999999999985,100.0,-0.03686599999999998
Cell6,2300,C1dc,654.4088,3182.38,4.1909,2.6998,41.495,3184,2015-06-11 16:37:23.239187,4600,2300,732.7948,0.893031446183843,78.38599999999997,-1.966199999999958,100.0,-0.01966199999999958
Cell6,2400,C1dc,650.3693,3162.89,4.1903,2.6999,41.468,3164,2015-06-19 15:19:28.084260,4600,2200,732.7948,0.8875189889447904,82.42550000000006,-4.039500000000089,100.0,-0.04039500000000089
Cell6,2500,C1dc,648.4451,3153.38,4.1908,2.6998,41.476,3155,2015-06-26 16:07:49.224820,4600,2100,732.7948,0.8848931515343723,84.34969999999998,-1.924199999999928,100.0,-0.01924199999999928
Cell6,2600,C1dc,644.3101,3133.44,4.1894,2.6998,41.433,3135,2015-07-06 19:57:18.843273,4600,2000,732.7948,0.8792503713181371,88.48469999999998,-4.134999999999991,100.0,-0.04134999999999991
Cell6,2700,C1dc,643.5075,3129.4,4.1903,2.7,41.481,3131,2015-07-13 20:32:14.267776,4600,1900,732.7948,0.8781551124544007,89.28729999999996,-0.802599999999984,100.0,-0.00802599999999984
Cell6,2800,C1dc,641.3314,3118.8,4.1899,2.6999,41.488,3120,2015-07-20 20:59:02.638090,4600,1800,732.7948,0.875185522604691,91.46339999999998,-2.1761000000000195,100.0,-0.021761000000000193
Cell6,2900,C1dc,637.2798,3099.03,4.1891,2.7001,41.522,3101,2015-08-01 18:54:29.381864,4600,1700,732.7948,0.8696565532397337,95.51499999999999,-4.051600000000008,100.0,-0.04051600000000008
Cell6,3000,C1dc,636.6216,3095.94,4.19,2.7001,41.463,3097,2015-08-08 19:11:32.486051,4600,1600,732.7948,0.8687583481760514,96.17320000000007,-0.6582000000000789,100.0,-0.0065820000000007895
Cell6,3100,C1dc,633.9956,3083.13,4.1897,2.7001,41.516,3085,2015-08-15 19:19:32.122738,4600,1500,732.7948,0.8651748074631533,98.79920000000004,-2.6259999999999764,100.0,-0.026259999999999763
Cell6,3200,C1dc,630.1612,3064.38,4.1885,2.6998,41.5,3066,2015-08-24 18:41:01.271472,4600,1400,732.7948,0.8599422375813802,102.6336,-3.8343999999999596,100.0,-0.038343999999999594
Cell6,3300,C1dc,629.0776,3059.28,4.1894,2.6999,41.559,3061,2015-08-31 18:41:48.077414,4600,1300,732.7948,0.8584635152978705,103.71720000000005,-1.0836000000000467,100.0,-0.010836000000000467
Cell6,3500,C1dc,622.9331,3029.52,4.1878,2.7,41.587,3031,2015-09-16 14:29:02.042264,4600,1100,732.7948,0.8500784940067806,109.86170000000004,-6.144499999999994,200.0,-0.03072249999999997
Cell6,3600,C1dc,622.4656,3027.14,4.1898,2.7001,41.586,3029,2015-09-23 14:03:45.112894,4600,1000,732.7948,0.8494405255059124,110.32920000000001,-0.4674999999999727,100.0,-0.004674999999999727
Cell6,3700,C1dc,620.3313,3016.67,4.1896,2.6999,41.661,3018,2015-09-30 13:33:23.084616,4600,900,732.7948,0.8465279775456923,112.46349999999995,-2.1342999999999392,100.0,-0.021342999999999394
Cell6,3800,C1dc,616.164,2996.36,4.1879,2.7,41.546,2998,2015-10-12 17:31:49.373664,4600,800,732.7948,0.8408411195057607,116.63080000000002,-4.167300000000068,100.0,-0.04167300000000068
Cell6,3900,C1dc,615.9681,2995.5,4.1893,2.7,41.552,2997,2015-10-19 16:49:41.163720,4600,700,732.7948,0.8405737868227231,116.82669999999996,-0.1958999999999378,100.0,-0.001958999999999378
Cell6,4000,C1dc,613.5032,2983.57,4.1893,2.7,41.574,2985,2015-10-26 16:13:45.370947,4600,600,732.7948,0.8372100893729049,119.29160000000002,-2.464900000000057,100.0,-0.02464900000000057
Cell6,4100,C1dc,609.6174,2964.56,4.1875,2.7,41.552,2966,2015-11-04 10:49:07.719464,4600,500,732.7948,0.8319073770719988,123.17740000000003,-3.8858000000000175,100.0,-0.03885800000000018
Cell6,4200,C1dc,609.0231,2961.87,4.1881,2.7002,41.542,2963,2015-11-11 15:34:13.997469,4600,400,732.7948,0.8310963724087561,123.77170000000001,-0.5942999999999756,100.0,-0.005942999999999757
Cell6,4300,C1dc,607.3699,2953.66,4.1884,2.6999,41.57,2955,2015-11-18 14:31:15.865005,4600,300,732.7948,0.8288403520330657,125.42489999999998,-1.6531999999999698,100.0,-0.0165319999999997
Cell6,4400,C1dc,605.5915,2945.06,4.1881,2.7,41.564,2947,2015-11-25 13:27:47.647087,4600,200,732.7948,0.826413478916608,127.20330000000001,-1.7784000000000333,100.0,-0.017784000000000334
Cell6,4500,C1dc,601.5583,2925.39,4.1865,2.6999,41.575,2927,2015-12-03 12:30:40.948866,4600,100,732.7948,0.8209096189001341,131.23649999999998,-4.033199999999965,100.0,-0.04033199999999965
Cell6,4600,C1dc,586.0442,2849.96,4.1871,2.7001,41.575,2851,2015-12-10 11:13:21.813598,4600,0,732.7948,0.7997384806769917,146.75059999999996,-15.514099999999985,100.0,-0.15514099999999986
Cell6,4800,C1dc,586.3836,2851.66,4.1871,2.6998,41.608,2853,2015-12-26 12:28:11.226363,4600,-200,732.7948,0.8002016389854295,146.4112,0.33939999999995507,200.0,0.0016969999999997753
Cell6,5000,C1dc,579.0232,2815.96,4.1859,2.7,41.583,2817,2016-01-19 17:02:44.335674,4600,-400,732.7948,0.7901573537366804,153.77160000000003,-7.360400000000027,200.0,-0.03680200000000013
Cell7,0,C1dc,728.7461,3543.44,4.1922,2.6999,41.069,3545,2014-12-21 19:36:58.843051,8000,8000,728.7461,1.0,0.0,,,0.0
Cell7,100,C1dc,720.3478,3502.88,4.1933,2.6999,41.187,3504,2014-12-28 23:18:09.131825,8000,7900,728.7461,0.9884756844667849,8.39829999999995,-8.39829999999995,100.0,-0.08398299999999949
Cell7,200,C1dc,716.2138,3483.38,4.1932,2.7,41.166,3485,2015-01-05 02:41:27.310099,8000,7800,728.7461,0.9828029268355605,12.532299999999964,-4.1340000000000146,100.0,-0.04134000000000015
Cell7,300,C1dc,713.9551,3471.5,4.1929,2.6999,41.242,3473,2015-01-13 19:06:34.230467,8000,7700,728.7461,0.9797034934389358,14.79099999999994,-2.258699999999976,100.0,-0.02258699999999976
Cell7,400,C1dc,710.3505,3454.38,4.1935,2.7001,41.232,3456,2015-01-20 22:08:03.672740,8000,7600,728.7461,0.9747571890950772,18.395599999999945,-3.604600000000005,100.0,-0.03604600000000005
Cell7,500,C1dc,707.6045,3441.32,4.1935,2.7,41.231,3443,2015-01-28 01:00:34.909755,8000,7500,728.7461,0.9709890728746268,21.141599999999926,-2.745999999999981,100.0,-0.027459999999999807
Cell7,600,C1dc,705.1039,3429.32,4.1935,2.7,41.298,3431,2015-02-04 03:44:17.525095,8000,7400,728.7461,0.9675576994511531,23.642200000000003,-2.5006000000000768,100.0,-0.025006000000000767
Cell7,700,C1dc,705.0078,3429.2,4.193,2.7001,41.233,3431,2015-02-11 19:01:47.139468,8000,7300,728.7461,0.9674258291056378,23.73829999999998,-0.09609999999997854,100.0,-0.0009609999999997854
Cell7,800,C1dc,702.2042,3415.71,4.1934,2.7001,41.266,3417,2015-02-18 21:36:05.388728,8000,7200,728.7461,0.9635786730110804,26.54189999999994,-2.8035999999999603,100.0,-0.028035999999999603
Cell7,900,C1dc,700.1065,3405.6,4.1933,2.7001,41.284,3407,2015-02-26 00:03:18.828644,8000,7100,728.7461,0.9607001670403451,28.639599999999973,-2.0977000000000317,100.0,-0.020977000000000315
Cell7,1000,C1dc,698.025,3395.56,4.1936,2.7001,41.301,3397,2015-03-05 02:23:28.167612,8000,7000,728.7461,0.9578438910342024,30.72109999999998,-2.0815000000000055,100.0,-0.020815000000000056
Cell7,1100,C1dc,695.961,3385.66,4.1934,2.7001,41.281,3387,2015-03-12 04:36:54.165396,8000,6900,728.7461,0.9550116288787001,32.78509999999994,-2.0639999999999645,100.0,-0.020639999999999645
Cell7,1200,C1dc,694.0032,3376.32,4.1932,2.7001,41.279,3378,2015-03-19 06:43:20.652872,8000,6800,728.7461,0.9523250964910824,34.74289999999996,-1.9578000000000202,100.0,-0.019578000000000203
Cell7,1300,C1dc,692.0997,3367.05,4.1932,2.7001,41.268,3369,2015-03-26 08:43:22.162393,8000,6700,728.7461,0.9497130756514512,36.64639999999997,-1.9035000000000082,100.0,-0.019035000000000083
Cell7,1400,C1dc,690.2711,3358.14,4.193,2.6999,41.29,3360,2015-04-02 10:37:16.048158,8000,6600,728.7461,0.9472038340925599,38.47499999999991,-1.8285999999999376,100.0,-0.018285999999999376
Cell7,1600,C1dc,686.4617,3338.87,4.1926,2.7002,41.268,3340,2015-04-17 13:14:37.944862,8000,6400,728.7461,0.9419764990852095,42.284400000000005,-3.809400000000096,200.0,-0.01904700000000048
Cell7,1800,C1dc,682.4584,3319.65,4.1926,2.7001,41.298,3321,2015-05-04 18:03:41.562669,8000,6200,728.7461,0.9364830906127662,46.28769999999997,-4.003299999999967,200.0,-0.020016499999999837
Cell7,1900,C1dc,680.1675,3308.33,4.1923,2.6999,41.314,3310,2015-05-12 12:40:16.095274,8000,6100,728.7461,0.9333394717309638,48.57859999999994,-2.290899999999965,100.0,-0.022908999999999652
Cell7,2000,C1dc,677.9979,3297.78,4.1924,2.7002,41.398,3299,2015-05-20 12:39:46.059669,8000,6000,728.7461,0.9303623031395982,50.7482,-2.1696000000000595,100.0,-0.021696000000000593
Cell7,2100,C1dc,676.4507,3290.64,4.193,2.6999,41.362,3292,2015-05-27 13:49:49.968651,8000,5900,728.7461,0.9282392042990008,52.29539999999997,-1.5471999999999753,100.0,-0.015471999999999753
Cell7,2200,C1dc,673.9377,3278.13,4.1921,2.7,41.36,3280,2015-06-04 15:39:38.337673,8000,5800,728.7461,0.9247908153470735,54.808400000000006,-2.5130000000000337,100.0,-0.025130000000000336
Cell7,2300,C1dc,672.4685,3271.27,4.1929,2.7,41.367,3273,2015-06-11 16:37:35.731133,8000,5700,728.7461,0.9227747496693293,56.27760000000001,-1.4692000000000007,100.0,-0.014692000000000007
Cell7,2400,C1dc,669.815,3258.01,4.1921,2.6999,41.328,3260,2015-06-19 15:19:07.334664,8000,5600,728.7461,0.9191335638022626,58.9310999999999,-2.6534999999998945,100.0,-0.026534999999998945
Cell7,2500,C1dc,668.3162,3251.07,4.1927,2.7,41.315,3253,2015-06-26 16:04:49.027618,8000,5500,728.7461,0.9170768804114355,60.429899999999975,-1.4988000000000739,100.0,-0.014988000000000739
Cell7,2600,C1dc,665.2058,3235.6,4.1917,2.6999,41.268,3237,2015-07-06 19:56:49.825477,8000,5400,728.7461,0.912808727209655,63.5403,-3.110400000000027,100.0,-0.03110400000000027
Cell7,2700,C1dc,663.9369,3229.76,4.1922,2.7,41.324,3231,2015-07-13 20:29:08.985789,8000,5300,728.7461,0.9110675172052379,64.80919999999992,-1.2688999999999169,100.0,-0.012688999999999168
Cell7,2800,C1dc,662.0301,3220.46,4.1921,2.7,41.328,3222,2015-07-20 20:56:06.694949,8000,5200,728.7461,0.9084509680394859,66.71600000000001,-1.9068000000000893,100.0,-0.019068000000000893
Cell7,2900,C1dc,658.9018,3205.19,4.1916,2.7,41.403,3207,2015-08-01 18:53:59.316065,8000,5100,728.7461,0.9041582520990508,69.84429999999998,-3.1282999999999674,100.0,-0.03128299999999967
Cell7,3000,C1dc,657.9,3200.35,4.1923,2.7001,41.275,3202,2015-08-08 19:07:07.752173,8000,5000,728.7461,0.9027835620664042,70.84609999999998,-1.001800000000003,100.0,-0.010018000000000029
Cell7,3100,C1dc,655.9158,3190.69,4.1919,2.6999,41.355,3192,2015-08-15 19:15:33.550757,8000,4900,728.7461,0.900060803069821,72.83029999999997,-1.984199999999987,100.0,-0.01984199999999987
Cell7,3200,C1dc,652.825,3175.59,4.1912,2.6998,41.359,3177,2015-08-24 18:40:25.338665,8000,4800,728.7461,0.8958195453807576,75.92109999999991,-3.0907999999999447,100.0,-0.030907999999999446
Cell7,3300,C1dc,651.8483,3170.95,4.1915,2.7003,41.417,3172,2015-08-31 18:35:50.496252,8000,4700,728.7461,0.8944792980710292,76.89779999999996,-0.9767000000000507,100.0,-0.009767000000000508
Cell7,3500,C1dc,647.499,3149.46,4.1907,2.6999,41.48,3151,2015-09-16 14:28:26.687467,8000,4500,728.7461,0.888511101465929,81.24709999999993,-4.349299999999971,200.0,-0.021746499999999856
Cell7,3600,C1dc,646.8315,3146.59,4.1919,2.7001,41.463,3148,2015-09-23 13:59:35.404412,8000,4400,728.7461,0.8875951445915115,81.91459999999995,-0.6675000000000182,100.0,-0.006675000000000182
Cell7,3700,C1dc,645.3042,3139.14,4.1919,2.7001,41.557,3141,2015-09-30 13:32:45.485715,8000,4300,728.7461,0.8854993529296419,83.44189999999992,-1.5272999999999683,100.0,-0.015272999999999683
Cell7,3800,C1dc,642.4369,3125.05,4.1914,2.7001,41.409,3127,2015-10-12 17:31:06.121072,8000,4200,728.7461,0.8815647864187541,86.30919999999992,-2.8673,100.0,-0.028673
Cell7,3900,C1dc,641.9202,3122.62,4.1918,2.7,41.43,3124,2015-10-19 16:52:54.199114,8000,4100,728.7461,0.8808557603258529,86.82589999999993,-0.5167000000000144,100.0,-0.005167000000000144
Cell7,4000,C1dc,640.2204,3114.31,4.1916,2.6998,41.415,3116,2015-10-26 16:11:33.961380,8000,4000,728.7461,0.8785232607076732,88.52569999999992,-1.699799999999982,100.0,-0.01699799999999982
Cell7,4100,C1dc,637.2625,3099.8,4.1909,2.7,41.404,3101,2015-11-04 10:48:19.307868,8000,3900,728.7461,0.8744643710614713,91.48359999999991,-2.957899999999995,100.0,-0.029578999999999953
Cell7,4200,C1dc,636.4618,3095.71,4.1907,2.7001,41.398,3097,2015-11-11 15:33:38.968872,8000,3800,728.7461,0.8733656344781812,92.28429999999992,-0.8007000000000062,100.0,-0.008007000000000063
Cell7,4300,C1dc,634.8833,3088.35,4.191,2.6999,41.462,3090,2015-11-18 14:37:31.573598,8000,3700,728.7461,0.8711995851504385,93.8628,-1.5785000000000764,100.0,-0.015785000000000764
Cell7,4400,C1dc,633.3858,3081.08,4.1906,2.7,41.466,3083,2015-11-25 13:37:12.426542,8000,3600,728.7461,0.869144685645659,95.36029999999994,-1.4974999999999454,100.0,-0.014974999999999454
Cell7,4500,C1dc,630.5556,3067.2,4.1898,2.7,41.447,3069,2015-12-03 12:29:48.388469,8000,3500,728.7461,0.8652610284981286,98.19049999999993,-2.8301999999999907,100.0,-0.028301999999999907
Cell7,4600,C1dc,630.0056,3064.63,4.1904,2.7,41.482,3066,2015-12-10 11:19:19.364425,8000,3400,728.7461,0.8645063074780092,98.7405,-0.5500000000000682,100.0,-0.005500000000000682
Cell7,4800,C1dc,626.749,3048.77,4.1904,2.7001,41.482,3050,2015-12-26 12:29:02.920933,8000,3200,728.7461,0.8600375357068807,101.99709999999993,-3.256599999999935,200.0,-0.016282999999999673
Cell7,5000,C1dc,623.0464,3030.5,4.189,2.6999,41.496,3032,2016-01-19 17:02:05.735873,8000,3000,728.7461,0.8549567537994371,105.6997,-3.702600000000075,200.0,-0.018513000000000376
Cell7,5100,C1dc,621.9011,3025.34,4.1898,2.7,41.492,3027,2016-01-26 14:47:31.303276,8000,2900,728.7461,0.8533851501915415,106.84499999999991,-1.1452999999999065,100.0,-0.011452999999999065
Cell7,5200,C1dc,618.8233,3010.07,4.1893,2.6999,41.136,3012,2016-02-07 16:50:51.430861,8000,2800,728.7461,0.8491617313629535,109.92279999999994,-3.0778000000000247,100.0,-0.030778000000000246
Cell7,5300,C1dc,618.9549,3011.14,4.1897,2.7,41.126,3013,2016-02-14 15:06:53.530034,8000,2700,728.7461,0.8493423155197675,109.7912,0.13159999999993488,100.0,0.0013159999999993487
Cell7,5400,C1dc,617.5277,3004.12,4.1896,2.6998,41.1,3006,2016-02-21 13:21:34.345430,8000,2600,728.7461,0.8473838830835596,111.21839999999997,-1.4271999999999707,100.0,-0.014271999999999707
Cell7,5500,C1dc,614.2926,2988.23,4.1888,2.7002,41.168,2990,2016-03-04 23:45:45.469069,8000,2500,728.7461,0.8429446140432175,114.45349999999996,-3.2350999999999885,100.0,-0.03235099999999989
Cell7,5600,C1dc,614.5691,2989.8,4.1892,2.6999,41.122,2991,2016-03-11 21:49:14.590130,8000,2400,728.7461,0.8433240328833322,114.17699999999991,0.2765000000000555,100.0,0.0027650000000005548
Cell7,5700,C1dc,613.1147,2982.65,4.1891,2.6999,41.117,2984,2016-03-18 19:51:52.468912,8000,2300,728.7461,0.8413282760621292,115.63139999999999,-1.4544000000000779,100.0,-0.014544000000000779
Cell7,5800,C1dc,611.3463,2973.91,4.1883,2.6999,41.177,2975,2016-03-25 19:00:16.746064,8000,2200,728.7461,0.8389016421494401,117.39979999999991,-1.7683999999999287,100.0,-0.017683999999999287
Cell7,5900,C1dc,610.0333,2967.72,4.1886,2.7001,41.136,2969,2016-04-01 16:54:52.457948,8000,2100,728.7461,0.8370999172414098,118.7127999999999,-1.3129999999999882,100.0,-0.013129999999999881
Cell7,6000,C1dc,608.8086,2961.7,4.1884,2.7,41.129,2963,2016-04-08 14:46:27.311378,8000,2000,728.7461,0.8354193593626092,119.9375,-1.224700000000098,100.0,-0.012247000000000981
Cell7,6100,C1dc,606.0534,2947.9,4.1869,2.7,41.191,2949,2016-04-16 14:24:44.879668,8000,1900,728.7461,0.8316386187178224,122.69269999999995,-2.7551999999999452,100.0,-0.027551999999999452
Cell7,6200,C1dc,605.9034,2947.59,4.1884,2.7003,41.149,2949,2016-04-23 12:08:10.192845,8000,1800,728.7461,0.8314327857123353,122.84269999999992,-0.14999999999997726,100.0,-0.0014999999999997726
Cell7,6300,C1dc,604.6515,2941.44,4.1883,2.7,41.118,2943,2016-04-30 09:48:29.238002,8000,1700,728.7461,0.82971490344854,124.0945999999999,-1.2518999999999778,100.0,-0.012518999999999779
Cell7,6400,C1dc,601.8397,2927.62,4.1869,2.7,41.197,2929,2016-05-09 11:24:07.234459,8000,1600,728.7461,0.8258564951496825,126.90639999999996,-2.811800000000062,100.0,-0.02811800000000062
Cell7,6500,C1dc,602.0161,2928.66,4.1881,2.7001,41.412,2930,2016-05-16 08:56:08.368567,8000,1500,728.7461,0.8260985547641354,126.7299999999999,0.17640000000005784,100.0,0.0017640000000005785
Cell7,6600,C1dc,600.727,2922.35,4.1879,2.7,41.418,2924,2016-05-23 06:24:41.753450,8000,1400,728.7461,0.8243296259149792,128.01909999999998,-1.2891000000000759,100.0,-0.012891000000000758
Cell7,6700,C1dc,598.7575,2912.26,4.1873,2.7002,41.484,2914,2016-06-09 11:31:44.423661,8000,1300,728.7461,0.8216270385529337,129.9885999999999,-1.9694999999999254,100.0,-0.019694999999999255
Cell7,6800,C1dc,599.0486,2914.17,4.1884,2.7,41.512,2916,2016-06-16 08:50:12.593772,8000,1200,728.7461,0.8220264918055822,129.6975,0.29109999999991487,100.0,0.0029109999999991486
Cell7,6900,C1dc,597.8516,2908.29,4.1885,2.7001,41.457,2910,2016-06-23 06:07:43.861334,8000,1100,728.7461,0.8203839444217952,130.8945,-1.1970000000000027,100.0,-0.011970000000000027
Cell7,7000,C1dc,594.9916,2894.15,4.1868,2.7001,41.521,2896,2016-07-04 16:43:02.796468,8000,1000,728.7461,0.8164593951171746,133.7545,-2.8600000000000136,100.0,-0.028600000000000136
Cell7,7100,C1dc,597.1593,2904.75,4.1913,2.6999,41.469,2906,2016-07-11 13:36:06.702909,8000,900,728.7461,0.8194339564904705,131.58679999999993,2.1677000000000817,100.0,0.021677000000000817
Cell7,7200,C1dc,593.9663,2889.48,4.1877,2.7,41.536,2891,2016-07-18 10:44:34.326519,8000,800,728.7461,0.8150524579136685,134.7797999999999,-3.1929999999999836,100.0,-0.031929999999999834
Cell7,7300,C1dc,592.7688,2883.48,4.1875,2.7,41.465,2885,2016-07-25 07:50:21.446473,8000,700,728.7461,0.8134092244198632,135.9772999999999,-1.197499999999991,100.0,-0.01197499999999991
Cell7,7400,C1dc,590.6982,2873.26,4.1859,2.7,41.431,2875,2016-08-01 10:56:34.214457,8000,600,728.7461,0.8105679056121193,138.0478999999999,-2.070600000000013,100.0,-0.02070600000000013
Cell7,7500,C1dc,589.965,2869.8,4.1871,2.7002,41.419,2871,2016-08-08 07:55:57.941892,8000,500,728.7461,0.8095617938812983,138.78109999999992,-0.7332000000000107,100.0,-0.0073320000000001075
Cell7,7600,C1dc,588.6222,2863.31,4.1872,2.7001,41.374,2865,2016-08-15 04:52:16.566941,8000,400,728.7461,0.8077191768161779,140.12389999999994,-1.342800000000011,100.0,-0.013428000000000112
Cell7,7700,C1dc,586.5107,2852.85,4.185,2.6999,41.43,2854,2016-08-22 16:11:09.516271,8000,300,728.7461,0.8048217342089379,142.2353999999999,-2.111499999999978,100.0,-0.021114999999999783
Cell7,7800,C1dc,586.0649,2850.89,4.1866,2.7002,41.397,2852,2016-08-29 13:01:27.449341,8000,200,728.7461,0.8042099985166301,142.6812,-0.4458000000000766,100.0,-0.004458000000000766
Cell7,7900,C1dc,584.9616,2845.5,4.1866,2.6997,41.361,2847,2016-09-05 09:48:00.077740,8000,100,728.7461,0.8026960281502707,143.78449999999998,-1.1032999999999902,100.0,-0.011032999999999902
Cell7,8000,C1dc,582.8397,2835.02,4.1846,2.7001,41.407,2837,2016-09-13 14:55:22.264059,8000,0,728.7461,0.7997843144546503,145.90639999999996,-2.1218999999999824,100.0,-0.021218999999999825
Cell7,8100,C1dc,582.807,2834.97,4.1862,2.7001,41.426,2836,2016-09-20 11:36:56.746952,8000,-100,728.7461,0.7997394428594541,145.93909999999994,-0.03269999999997708,100.0,-0.00032699999999977083
Cell8,0,C1dc,727.528,3541.06,4.1901,2.7,40.493,3543,2014-12-21 19:35:26.593461,6400,6400,727.528,1.0,0.0,,,0.0
Cell8,100,C1dc,720.0436,3504.74,4.1925,2.6997,40.552,3506,2014-12-28 23:11:24.870549,6400,6300,727.528,0.9897125608911271,7.484400000000051,-7.484400000000051,100.0,-0.07484400000000051
Cell8,300,C1dc,713.4369,3472.86,4.1925,2.7001,40.592,3474,2015-01-13 19:07:10.403667,6400,6100,727.528,0.9806315358309233,14.091099999999983,-6.6066999999999325,200.0,-0.03303349999999966
Cell8,400,C1dc,709.5431,3453.51,4.1931,2.6999,40.58,3455,2015-01-20 22:03:53.113126,6400,6000,727.528,0.9752794394167646,17.98490000000004,-3.8938000000000557,100.0,-0.038938000000000556
Cell8,500,C1dc,706.6031,3439.67,4.1933,2.7003,40.582,3441,2015-01-28 00:51:39.101406,6400,5900,727.528,0.9712383578363994,20.92489999999998,-2.939999999999941,100.0,-0.02939999999999941
Cell8,600,C1dc,703.9272,3426.65,4.1932,2.7,40.614,3428,2015-02-04 03:30:31.330360,6400,5800,727.528,0.9675602863394948,23.60080000000005,-2.6759000000000697,100.0,-0.026759000000000695
Cell8,700,C1dc,702.8268,3419.83,4.1927,2.7002,40.589,3421,2015-02-11 19:01:46.319476,6400,5700,727.528,0.966047767233701,24.70119999999997,-1.1003999999999223,100.0,-0.011003999999999223
Cell8,800,C1dc,699.6605,3404.46,4.193,2.7002,40.599,3406,2015-02-18 21:24:50.654568,6400,5600,727.528,0.961695632333051,27.867500000000064,-3.166300000000092,100.0,-0.03166300000000092
Cell8,900,C1dc,697.5052,3394.0,4.1932,2.6999,40.599,3396,2015-02-25 23:40:03.980466,6400,5500,727.528,0.9587331346697309,30.022800000000075,-2.155300000000011,100.0,-0.02155300000000011
Cell8,1000,C1dc,695.4464,3383.93,4.193,2.7001,40.61,3385,2015-03-05 01:48:08.145063,6400,5400,727.528,0.9559032779494397,32.08159999999998,-2.0587999999999056,100.0,-0.020587999999999055
Cell8,1100,C1dc,693.3844,3374.09,4.1934,2.7001,40.624,3376,2015-03-12 03:49:21.888169,6400,5300,727.528,0.9530690227730066,34.14359999999999,-2.062000000000012,100.0,-0.020620000000000117
Cell8,1200,C1dc,691.3526,3364.21,4.1929,2.6999,40.618,3366,2015-03-19 05:44:03.758023,6400,5200,727.528,0.9502762780264128,36.17539999999997,-2.0317999999999756,100.0,-0.020317999999999756
Cell8,1300,C1dc,689.3512,3354.54,4.193,2.7001,40.632,3356,2015-03-26 07:31:54.492519,6400,5100,727.528,0.9475253186131667,38.17680000000007,-2.0014000000001033,100.0,-0.020014000000001034
Cell8,1400,C1dc,687.4919,3345.54,4.193,2.6999,40.657,3347,2015-04-02 09:13:22.341182,6400,5000,727.528,0.9449696781429717,40.03610000000003,-1.859299999999962,100.0,-0.01859299999999962
Cell8,1600,C1dc,683.6928,3326.89,4.1923,2.6999,40.65,3328,2015-04-17 13:14:20.481660,6400,4800,727.528,0.9397477485402624,43.835199999999986,-3.799099999999953,200.0,-0.018995499999999766
Cell8,1800,C1dc,679.8483,3308.13,4.1921,2.7001,40.67,3310,2015-05-04 18:03:24.979073,6400,4600,727.528,0.9344634158410398,47.679700000000025,-3.844500000000039,200.0,-0.019222500000000194
Cell8,1900,C1dc,677.4453,3296.33,4.192,2.6997,40.671,3298,2015-05-12 12:40:01.293272,6400,4500,727.528,0.931160450181986,50.082700000000045,-2.40300000000002,100.0,-0.0240300000000002
Cell8,2000,C1dc,675.2706,3285.62,4.192,2.7,40.716,3287,2015-05-20 12:39:32.054273,6400,4400,727.528,0.9281712868783056,52.257400000000075,-2.17470000000003,100.0,-0.021747000000000297
Cell8,2100,C1dc,673.784,3278.52,4.1924,2.7,40.694,3280,2015-05-27 13:42:50.925943,6400,4300,727.528,0.9261279290968869,53.74400000000003,-1.486599999999953,100.0,-0.01486599999999953
Cell8,2200,C1dc,671.1617,3265.78,4.1917,2.7,40.68,3267,2015-06-04 15:39:25.504671,6400,4200,727.528,0.9225235317403591,56.366300000000024,-2.6222999999999956,100.0,-0.026222999999999955
Cell8,2300,C1dc,669.7382,3258.92,4.1922,2.7001,40.679,3260,2015-06-11 16:30:20.614040,6400,4100,727.528,0.9205669060159883,57.789800000000014,-1.42349999999999,100.0,-0.0142349999999999
Cell8,2400,C1dc,666.34,3242.44,4.1914,2.7002,40.672,3244,2015-06-19 15:18:56.980868,6400,4000,727.528,0.9158960204968056,61.18799999999999,-3.3981999999999744,100.0,-0.03398199999999974
Cell8,2500,C1dc,664.4188,3233.14,4.1922,2.6999,40.657,3235,2015-06-26 15:57:14.876943,6400,3900,727.528,0.913255297390616,63.10919999999999,-1.921199999999999,100.0,-0.01921199999999999
Cell8,2600,C1dc,660.6598,3214.86,4.1912,2.7,40.636,3216,2015-07-06 19:56:40.420871,6400,3800,727.528,0.9080884859414345,66.8682,-3.7590000000000146,100.0,-0.037590000000000144
Cell8,2700,C1dc,659.2901,3208.15,4.1917,2.7,40.659,3210,2015-07-13 20:21:12.476334,6400,3700,727.528,0.9062058092609494,68.23789999999997,-1.3696999999999662,100.0,-0.01369699999999966
Cell8,2800,C1dc,656.7033,3195.58,4.1915,2.6999,40.671,3197,2015-07-20 20:47:59.346405,6400,3600,727.528,0.9026502072772457,70.8247,-2.5868000000000393,100.0,-0.025868000000000394
Cell8,2900,C1dc,652.6046,3175.5,4.1906,2.6999,40.723,3177,2015-08-01 18:53:52.353067,6400,3500,727.528,0.8970164722182514,74.92340000000002,-4.098700000000008,100.0,-0.04098700000000008
Cell8,3000,C1dc,651.5216,3170.48,4.1915,2.6999,40.637,3172,2015-08-08 18:58:56.091522,6400,3400,727.528,0.8955278697177291,76.00639999999999,-1.08299999999997,100.0,-0.0108299999999997
Cell8,3100,C1dc,649.2333,3159.22,4.1912,2.7001,40.683,3161,2015-08-15 19:07:11.949675,6400,3300,727.528,0.8923825612210113,78.29470000000003,-2.2883000000000493,100.0,-0.022883000000000493
Cell8,3200,C1dc,645.7034,3142.01,4.1902,2.7,40.706,3144,2015-08-24 18:40:19.357668,6400,3200,727.528,0.8875306517412388,81.82460000000003,-3.529899999999998,100.0,-0.035298999999999976
Cell8,3300,C1dc,644.6697,3137.08,4.191,2.6999,40.721,3139,2015-08-31 18:27:37.740405,6400,3100,727.528,0.8861098129556526,82.85829999999999,-1.0336999999999534,100.0,-0.010336999999999534
Cell8,3500,C1dc,639.1332,3110.09,4.1899,2.7,40.723,3112,2015-09-16 14:28:28.269062,6400,2900,727.528,0.8784997965714034,88.39480000000003,-5.536500000000046,200.0,-0.02768250000000023
Cell8,3600,C1dc,638.4181,3106.55,4.1912,2.6999,40.732,3108,2015-09-23 13:51:52.240519,6400,2800,727.528,0.8775168790754445,89.10990000000004,-0.7151000000000067,100.0,-0.007151000000000067
Cell8,3700,C1dc,636.113,3095.42,4.1909,2.6999,40.767,3097,2015-09-30 13:24:56.379649,6400,2700,727.528,0.874348478683982,91.41499999999996,-2.305099999999925,100.0,-0.02305099999999925
Cell8,3800,C1dc,632.0343,3075.58,4.1899,2.7,40.724,3077,2015-10-12 17:31:06.278474,6400,2600,727.528,0.8687422339758745,95.49369999999999,-4.078700000000026,100.0,-0.04078700000000026
Cell8,3900,C1dc,631.3157,3072.12,4.1907,2.6999,40.719,3074,2015-10-19 16:44:40.305434,6400,2500,727.528,0.8677545056685103,96.21230000000003,-0.7186000000000377,100.0,-0.007186000000000376
Cell8,4000,C1dc,629.1405,3061.65,4.1904,2.7,40.729,3063,2015-10-26 16:03:01.461706,6400,2400,727.528,0.8647646551060577,98.38750000000005,-2.175200000000018,100.0,-0.02175200000000018
Cell8,4100,C1dc,625.4674,3043.69,4.1891,2.6999,40.731,3045,2015-11-04 10:48:24.785267,6400,2300,727.528,0.8597159147139354,102.06060000000002,-3.6730999999999767,100.0,-0.036730999999999764
Cell8,4200,C1dc,624.586,3039.43,4.1893,2.6999,40.729,3041,2015-11-11 15:33:43.520064,6400,2200,727.528,0.8585044149503525,102.94200000000001,-0.8813999999999851,100.0,-0.008813999999999851
Cell8,4300,C1dc,622.6338,3029.87,4.1895,2.7001,40.743,3031,2015-11-18 14:28:40.570152,6400,2100,727.528,0.855821081800288,104.89420000000007,-1.9522000000000617,100.0,-0.019522000000000615
Cell8,4400,C1dc,620.4761,3019.38,4.1893,2.7,40.74,3021,2015-11-25 13:28:29.768745,6400,2000,727.528,0.8528552852948614,107.05190000000005,-2.157699999999977,100.0,-0.02157699999999977
Cell8,4500,C1dc,616.9984,3002.41,4.1875,2.7003,40.756,3004,2015-12-03 12:30:06.140264,6400,1900,727.528,0.8480751256309035,110.52960000000007,-3.477700000000027,100.0,-0.03477700000000027
Cell8,4600,C1dc,616.3393,2999.19,4.1889,2.6999,40.745,3001,2015-12-10 11:10:43.694752,6400,1800,727.528,0.8471691811174278,111.18870000000004,-0.6590999999999667,100.0,-0.0065909999999996674
Cell8,4800,C1dc,612.2733,2979.5,4.1886,2.6997,40.754,2981,2015-12-26 12:20:13.729526,6400,1600,727.528,0.8415803927821334,115.25470000000007,-4.066000000000031,200.0,-0.020330000000000154
Cell8,5000,C1dc,607.3263,2955.34,4.187,2.7001,40.762,2957,2016-01-19 17:02:22.421470,6400,1400,727.528,0.8347806544902738,120.20170000000007,-4.947000000000003,200.0,-0.024735000000000014
Cell8,5100,C1dc,605.9417,2948.71,4.1877,2.7001,40.751,2950,2016-01-26 14:39:09.104562,6400,1300,727.528,0.832877497498378,121.58630000000005,-1.3845999999999776,100.0,-0.013845999999999777
Cell8,5200,C1dc,601.8904,2928.94,4.1863,2.7001,40.342,2930,2016-02-07 16:51:20.854861,6400,1200,727.528,0.8273089145709855,125.63760000000002,-4.051299999999969,100.0,-0.040512999999999695
Cell8,5300,C1dc,601.9348,2929.23,4.1879,2.7,40.325,2931,2016-02-14 14:14:39.904072,6400,1100,727.528,0.8273699431499544,125.59320000000002,0.044399999999996,100.0,0.00044399999999996
Cell8,5400,C1dc,600.0078,2919.93,4.1874,2.7,40.353,2921,2016-02-21 11:33:42.036883,6400,1000,727.528,0.8247212478420074,127.52020000000005,-1.927000000000021,100.0,-0.01927000000000021
Cell8,5500,C1dc,596.349,2902.05,4.1855,2.6999,40.391,2904,2016-03-04 23:46:19.830460,6400,900,727.528,0.8196921630507692,131.17899999999997,-3.6587999999999283,100.0,-0.03658799999999928
Cell8,5600,C1dc,596.2266,2901.5,4.1869,2.7001,40.346,2903,2016-03-11 20:54:36.137142,6400,800,727.528,0.8195239221033417,131.30140000000006,-0.12240000000008422,100.0,-0.0012240000000008423
Cell8,5700,C1dc,594.341,2892.46,4.1868,2.7001,40.398,2894,2016-03-18 17:58:05.577275,6400,700,727.528,0.8169321318217305,133.187,-1.885599999999954,100.0,-0.01885599999999954
Cell8,5800,C1dc,592.0146,2881.04,4.1852,2.7,40.406,2883,2016-03-25 19:00:44.633862,6400,600,727.528,0.8137344542065734,135.51340000000005,-2.326400000000035,100.0,-0.02326400000000035
Cell8,5900,C1dc,590.4843,2873.59,4.1868,2.7,40.348,2875,2016-04-01 15:54:50.726156,6400,500,727.528,0.8116310300084669,137.04370000000006,-1.530300000000011,100.0,-0.015303000000000112
Cell8,6000,C1dc,588.5824,2864.44,4.1865,2.6999,40.397,2866,2016-04-08 12:44:08.994875,6400,400,727.528,0.8090168350908831,138.9456,-1.901899999999955,100.0,-0.01901899999999955
Cell8,6100,C1dc,585.2882,2848.35,4.1838,2.6999,40.421,2850,2016-04-16 14:25:27.713865,6400,300,727.528,0.8044888993963119,142.23980000000006,-3.294200000000046,100.0,-0.032942000000000464
Cell8,6200,C1dc,585.132,2847.6,4.1863,2.7,40.377,2849,2016-04-23 11:05:21.889849,6400,200,727.528,0.8042741997558855,142.39600000000007,-0.15620000000001255,100.0,-0.0015620000000001256
Cell8,6300,C1dc,583.2241,2838.32,4.186,2.7001,40.394,2840,2016-04-30 07:39:36.528667,6400,100,727.528,0.8016517577330358,144.3039,-1.9078999999999269,100.0,-0.01907899999999927
Cell8,6400,C1dc,579.871,2822.04,4.1828,2.7001,40.454,2824,2016-05-09 11:25:00.384060,6400,0,727.528,0.7970428629551027,147.65700000000004,-3.3531000000000404,100.0,-0.0335310000000004
Cell8,6500,C1dc,580.3409,2824.26,4.1857,2.7,40.682,2826,2016-05-16 07:50:58.887740,6400,-100,727.528,0.797688748749189,147.1871,0.4699000000000524,100.0,0.004699000000000524
Cell8,6600,C1dc,578.5534,2815.59,4.1855,2.7,40.748,2817,2016-05-23 04:10:55.116329,6400,-200,727.528,0.7952317986386778,148.9746,-1.7875000000000227,100.0,-0.017875000000000228
Cell8,6700,C1dc,578.0345,2813.05,4.1842,2.7002,40.717,2815,2016-06-09 11:32:25.375058,6400,-300,727.528,0.7945185614849187,149.49350000000004,-0.5189000000000306,100.0,-0.005189000000000305
Cell8,6800,C1dc,577.7143,2811.5,4.1859,2.7003,40.743,2813,2016-06-16 07:44:20.314193,6400,-400,727.528,0.7940784409672205,149.81370000000004,-0.3201999999999998,100.0,-0.0032019999999999983
Cell8,6900,C1dc,576.4201,2805.3,4.1859,2.6999,40.799,2807,2016-06-23 03:50:50.488081,6400,-500,727.528,0.7922995403613332,151.10789999999997,-1.2941999999999325,100.0,-0.012941999999999326
Cell8,7000,C1dc,573.0211,2788.55,4.1832,2.7001,40.757,2790,2016-07-04 16:44:00.831267,6400,-600,727.528,0.787627555228115,154.50689999999997,-3.399000000000001,100.0,-0.033990000000000006
Cell8,7100,C1dc,574.6346,2796.6,4.1891,2.7001,40.798,2798,2016-07-11 14:03:09.220492,6400,-700,727.528,0.7898453392859106,152.89340000000004,1.6134999999999309,100.0,0.01613499999999931
Cell8,7200,C1dc,571.4524,2781.09,4.1853,2.6998,40.739,2783,2016-07-18 09:57:59.512529,6400,-800,727.528,0.7854713495563057,156.0756,-3.182199999999966,100.0,-0.03182199999999966
Cell8,7300,C1dc,569.8082,2773.12,4.185,2.7,40.795,2775,2016-07-25 05:48:06.279761,6400,-900,727.528,0.7832113678098988,157.71979999999996,-1.6441999999999553,100.0,-0.016441999999999554
Cell8,7400,C1dc,567.5663,2762.09,4.1822,2.6999,40.601,2764,2016-08-01 10:57:15.802061,6400,-1000,727.528,0.7801298369272385,159.96170000000006,-2.2419000000001006,100.0,-0.022419000000001008
Cell8,7500,C1dc,566.6573,2757.72,4.1843,2.7001,40.599,2759,2016-08-08 06:41:42.152542,6400,-1100,727.528,0.7788804004794316,160.87070000000006,-0.9089999999999918,100.0,-0.009089999999999918
Cell8,7600,C1dc,565.3637,2751.46,4.1842,2.7003,40.643,2753,2016-08-15 02:21:54.063847,6400,-1200,727.528,0.7771023245840709,162.16430000000003,-1.2935999999999694,100.0,-0.012935999999999694
Cell8,7700,C1dc,562.9671,2739.69,4.1812,2.7,40.599,2741,2016-08-22 16:12:06.377067,6400,-1300,727.528,0.773808155837301,164.56090000000006,-2.396600000000035,100.0,-0.023966000000000348
Cell8,7800,C1dc,562.6005,2738.01,4.184,2.7001,40.574,2740,2016-08-29 11:47:01.953395,6400,-1400,727.528,0.7733042577055453,164.9275,-0.3665999999999485,100.0,-0.003665999999999485
Cell8,7900,C1dc,561.1111,2730.73,4.1838,2.6999,40.624,2732,2016-09-05 07:16:25.269547,6400,-1500,727.528,0.7712570512750024,166.41690000000006,-1.489400000000046,100.0,-0.01489400000000046
Cell8,8000,C1dc,558.1611,2716.43,4.1804,2.7,40.603,2718,2016-09-13 14:56:25.869458,6400,-1600,727.528,0.7672022245191938,169.3669,-2.949999999999932,100.0,-0.02949999999999932
Cell8,8100,C1dc,558.9581,2720.2,4.1834,2.7001,40.564,2722,2016-09-20 10:21:47.933468,6400,-1700,727.528,0.7682977150020341,168.56990000000008,0.7969999999999118,100.0,0.007969999999999118
