cell,cycle,rul_cycles,predicted_rul,error,absolute_error
Cell1,0,5800,4991.7659748266115,-808.2340251733885,808.2340251733885
Cell1,100,5700,5885.087539422902,185.0875394229024,185.0875394229024
Cell1,200,5600,5888.498335289232,288.4983352892323,288.4983352892323
Cell1,300,5500,5455.286796607183,-44.71320339281738,44.71320339281738
Cell1,400,5400,5532.121198226692,132.1211982266923,132.1211982266923
Cell1,500,5300,5443.37277133937,143.37277133937005,143.37277133937005
Cell1,600,5200,5384.094159333039,184.094159333039,184.094159333039
Cell1,700,5100,4933.405501066744,-166.59449893325564,166.59449893325564
Cell1,800,5000,4788.270864526732,-211.7291354732679,211.7291354732679
Cell1,900,4900,4638.103868481755,-261.89613151824506,261.89613151824506
Cell1,1000,4800,4569.355135694511,-230.64486430548914,230.64486430548914
Cell1,1100,4700,4023.9932640651696,-676.0067359348304,676.0067359348304
Cell1,1200,4600,4207.556203211115,-392.44379678888527,392.44379678888527
Cell1,1300,4500,4207.556203211115,-292.44379678888527,292.44379678888527
Cell1,1400,4400,4134.814220417246,-265.18577958275364,265.18577958275364
Cell1,1600,4200,4523.947145116313,323.94714511631264,323.94714511631264
Cell1,1800,4000,3596.6686343915935,-403.3313656084065,403.3313656084065
Cell1,1900,3900,3955.1395544066527,55.13955440665268,55.13955440665268
Cell1,2000,3800,3913.546331945947,113.5463319459468,113.5463319459468
Cell1,2100,3700,3846.552239542627,146.55223954262692,146.55223954262692
Cell1,2200,3600,3419.463583774269,-180.53641622573105,180.53641622573105
Cell1,2300,3500,3227.2288858446864,-272.7711141553136,272.7711141553136
Cell1,2400,3400,2851.0266220137482,-548.9733779862518,548.9733779862518
Cell1,2500,3300,2720.522399277173,-579.477600722827,579.477600722827
Cell1,2600,3200,2480.8296105869986,-719.1703894130014,719.1703894130014
Cell1,2700,3100,2542.975313122018,-557.0246868779818,557.0246868779818
Cell1,2800,3000,2500.053068622971,-499.94693137702916,499.94693137702916
Cell1,2900,2900,2507.7621437814923,-392.23785621850766,392.23785621850766
Cell1,3000,2800,2464.3347899919636,-335.6652100080364,335.6652100080364
Cell1,3100,2700,2226.4410624235215,-473.55893757647846,473.55893757647846
Cell1,3200,2600,1921.3827655953382,-678.6172344046618,678.6172344046618
Cell1,3300,2500,1908.7627220586407,-591.2372779413593,591.2372779413593
Cell1,3500,2300,2391.004352653564,91.00435265356418,91.00435265356418
Cell1,3600,2200,2285.2930300936764,85.2930300936764,85.2930300936764
Cell1,3700,2100,1821.8785666491938,-278.1214333508062,278.1214333508062
Cell1,3800,2000,1564.511800621616,-435.488199378384,435.488199378384
Cell1,3900,1900,1626.6575031566365,-273.3424968433635,273.3424968433635
Cell1,4000,1800,1403.039802384706,-396.96019761529396,396.96019761529396
Cell1,4100,1700,1295.304543338103,-404.69545666189697,404.69545666189697
Cell1,4200,1600,1094.3205910076833,-505.67940899231667,505.67940899231667
Cell1,4300,1500,1106.6317138830123,-393.36828611698775,393.36828611698775
Cell1,4400,1400,859.3648334865863,-540.6351665134137,540.6351665134137
Cell1,4500,1300,977.5579333478327,-322.44206665216734,322.44206665216734
Cell1,4600,1200,1027.0581144007583,-172.9418855992417,172.9418855992417
Cell1,4800,1000,917.3769952709603,-82.62300472903974,82.62300472903974
Cell1,5000,800,1118.0452947058307,318.04529470583066,318.04529470583066
Cell1,5100,700,1101.4520380428155,401.4520380428155,401.4520380428155
Cell1,5200,600,554.2318160042953,-45.7681839957047,45.7681839957047
Cell1,5300,500,529.3006495922685,29.30064959226854,29.30064959226854
Cell1,5400,400,439.2377643142112,39.23776431421118,39.23776431421118
Cell1,5500,300,236.66967670076914,-63.330323299230855,63.330323299230855
Cell1,5600,200,171.9400324261924,-28.059967573807597,28.059967573807597
Cell1,5700,100,218.53888454909304,118.53888454909304,118.53888454909304
Cell1,5800,0,8.740590452656999,8.740590452656999,8.740590452656999
Cell1,5900,-100,-76.86520696109264,23.13479303890736,23.13479303890736
Cell1,6000,-200,-114.48845535598153,85.51154464401847,85.51154464401847
Cell1,6100,-300,-311.9904298796805,-11.990429879680505,11.990429879680505
Cell1,6200,-400,-356.08067998556555,43.91932001443445,43.91932001443445
Cell1,6300,-500,-405.630088390631,94.36991160936901,94.36991160936901
Cell1,6400,-600,-378.3687965004788,221.63120349952118,221.63120349952118
Cell1,6500,-700,-548.4897191360433,151.51028086395672,151.51028086395672
Cell1,6600,-800,-532.6274115033631,267.3725884966369,267.3725884966369
Cell1,6700,-900,-825.4849218083344,74.51507819166557,74.51507819166557
Cell1,6800,-1000,-980.3509034486457,19.64909655135432,19.64909655135432
Cell1,6900,-1100,-1085.430793853189,14.569206146810984,14.569206146810984
Cell1,7000,-1200,-1281.2010251468869,-81.20102514688688,81.20102514688688
Cell1,7100,-1300,-1409.6816007521713,-109.68160075217133,109.68160075217133
Cell1,7200,-1400,-1340.6690600014367,59.33093999856328,59.33093999856328
Cell1,7300,-1500,-1391.3150514475954,108.68494855240465,108.68494855240465
Cell1,7400,-1600,-1502.1474907012016,97.8525092987984,97.8525092987984
Cell1,7500,-1700,-1637.3072709854737,62.69272901452632,62.69272901452632
Cell1,7600,-1800,-1738.253110236058,61.74688976394191,61.74688976394191
Cell1,7700,-1900,-1772.511997729107,127.48800227089305,127.48800227089305
Cell1,7800,-2000,-1966.1207033101866,33.87929668981337,33.87929668981337
Cell1,7900,-2100,-1913.7014192224672,186.29858077753283,186.29858077753283
Cell1,8000,-2200,-1982.7139599732018,217.28604002679822,217.28604002679822
Cell1,8100,-2300,-1944.1329370603291,355.86706293967086,355.86706293967086
Cell1,8200,-2400,-2038.0766442230902,361.92335577690983,361.92335577690983
Cell2,0,5000,4993.756746419278,-6.243253580722012,6.243253580722012
Cell2,100,4900,5670.254993443484,770.2549934434837,770.2549934434837
Cell2,200,4800,5555.716893372604,755.7168933726043,755.7168933726043
Cell2,300,4700,5310.845352539213,610.8453525392133,610.8453525392133
Cell2,400,4600,5329.185970211046,729.185970211046,729.185970211046
Cell2,500,4500,5318.865865011963,818.8658650119633,818.8658650119633
Cell2,600,4400,5150.245906233271,750.245906233271,750.245906233271
Cell2,700,4300,5085.140274488689,785.1402744886891,785.1402744886891
Cell2,800,4200,4904.479757042107,704.4797570421069,704.4797570421069
Cell2,900,4100,4904.479757042107,804.4797570421069,804.4797570421069
Cell2,1000,4000,4786.909477777347,786.9094777773471,786.9094777773471
Cell2,1100,3900,4554.39486555581,654.3948655558097,654.3948655558097
Cell2,1200,3800,4408.698851912174,608.6988519121742,608.6988519121742
Cell2,1300,3700,4408.698851912174,708.6988519121742,708.6988519121742
Cell2,1400,3600,4305.078110934647,705.0781109346472,705.0781109346472
Cell2,1600,3400,3865.2671815876165,465.2671815876165,465.2671815876165
Cell2,1800,3200,3778.0799244003592,578.0799244003592,578.0799244003592
Cell2,1900,3100,3620.985170761603,520.9851707616031,520.9851707616031
Cell2,2000,3000,3392.590287093389,392.5902870933892,392.5902870933892
Cell2,2100,2900,3490.3555763164286,590.3555763164286,590.3555763164286
Cell2,2200,2800,3257.9654562921523,457.96545629215234,457.96545629215234
Cell2,2300,2700,3381.3109015762775,681.3109015762775,681.3109015762775
Cell2,2400,2600,3040.764888269876,440.7648882698759,440.7648882698759
Cell2,2500,2500,3208.8573355956014,708.8573355956014,708.8573355956014
Cell2,2600,2400,2834.6777900182,434.6777900182001,434.6777900182001
Cell2,2700,2300,2936.1500926586523,636.1500926586523,636.1500926586523
Cell2,2800,2200,2945.9392765155926,745.9392765155926,745.9392765155926
Cell2,2900,2100,2767.105245333753,667.1052453337529,667.1052453337529
Cell2,3000,2000,2536.557654722758,536.5576547227579,536.5576547227579
Cell2,3100,1900,2505.386156708773,605.3861567087729,605.3861567087729
Cell2,3200,1800,2387.983190579086,587.9831905790861,587.9831905790861
Cell2,3300,1700,2378.194006722146,678.1940067221458,678.1940067221458
Cell2,3500,1500,2225.607379152808,725.6073791528079,725.6073791528079
Cell2,3600,1400,2182.101665937564,782.1016659375641,782.1016659375641
Cell2,3700,1300,2046.710670803066,746.710670803066,746.710670803066
Cell2,3800,1200,1859.2801121552745,659.2801121552745,659.2801121552745
Cell2,3900,1100,1820.7753884375504,720.7753884375504,720.7753884375504
Cell2,4000,1000,1820.1479877466093,820.1479877466093,820.1479877466093
Cell2,4100,900,1516.5469709313866,616.5469709313866,616.5469709313866
Cell2,4200,800,1506.7577870744465,706.7577870744465,706.7577870744465
Cell2,4300,700,1545.2625107921706,845.2625107921706,845.2625107921706
Cell2,4400,600,1236.9446365087838,636.9446365087838,636.9446365087838
Cell2,4500,500,1126.3250287332075,626.3250287332075,626.3250287332075
Cell2,4600,400,1155.8197008762957,755.8197008762957,755.8197008762957
Cell2,4800,200,902.4715119385569,702.4715119385569,702.4715119385569
Cell2,5000,0,-857.9731507381001,-857.9731507381001,857.9731507381001
Cell2,5100,-100,-505.71289772943015,-405.71289772943015,405.71289772943015
Cell2,5200,-200,-869.8900425103068,-669.8900425103068,669.8900425103068
Cell2,5300,-300,-565.0950345015921,-265.09503450159207,265.09503450159207
Cell2,5400,-400,-461.86117913445617,-61.861179134456165,61.861179134456165
Cell2,5500,-500,-825.502296254167,-325.50229625416705,325.50229625416705
Cell2,5600,-600,-720.9778824450719,-120.97788244507194,120.97788244507194
Cell2,5700,-700,-662.1401575285565,37.85984247144347,37.85984247144347
Cell2,5800,-800,-892.5831888214186,-92.58318882141862,92.58318882141862
Cell2,5900,-900,-902.3723726783585,-2.372372678358488,2.372372678358488
Cell2,6000,-1000,-1064.682466499837,-64.68246649983689,64.68246649983689
Cell2,6100,-1100,-1261.7744888830834,-161.77448888308345,161.77448888308345
Cell2,6200,-1200,-1213.624189772999,-13.624189772998989,13.624189772998989
Cell2,6300,-1300,-1207.5099481000627,92.49005189993727,92.49005189993727
Cell2,6400,-1400,-1261.7744888830834,138.22551111691655,138.22551111691655
Cell2,6500,-1500,-1331.015246812447,168.984753187553,168.984753187553
Cell2,6600,-1600,-1308.6277837173473,291.37221628265274,291.37221628265274
Cell2,6700,-1700,-1308.6277837173473,391.37221628265274,391.37221628265274
Cell2,6800,-1800,-1472.4328906544756,327.5671093455244,327.5671093455244
Cell2,6900,-1900,-1468.772412487334,431.2275875126661,431.2275875126661
Cell2,7000,-2000,-1468.772412487334,531.2275875126661,531.2275875126661
Cell2,7100,-2100,-1797.0124532674376,302.98754673256235,302.98754673256235
Cell2,7200,-2200,-1797.0124532674376,402.98754673256235,402.98754673256235
Cell2,7300,-2300,-1797.0124532674376,502.98754673256235,502.98754673256235
Cell2,7400,-2400,-1046.2858061556099,1353.7141938443901,1353.7141938443901
Cell2,7500,-2500,-1841.7972266334457,658.2027733665543,658.2027733665543
Cell2,7600,-2600,-1859.1030403626826,740.8969596373174,740.8969596373174
Cell2,7700,-2700,-1669.0616242180809,1030.9383757819191,1030.9383757819191
Cell3,0,6300,5043.336567996659,-1256.6634320033409,1256.6634320033409
Cell3,100,6200,4934.059552121935,-1265.9404478780652,1265.9404478780652
Cell3,200,6100,4911.093272325273,-1188.9067276747273,1188.9067276747273
Cell3,300,6000,4966.200829026404,-1033.7991709735961,1033.7991709735961
Cell3,400,5900,4730.373972871987,-1169.6260271280134,1169.6260271280134
Cell3,500,5800,4739.242333013579,-1060.757666986421,1060.757666986421
Cell3,600,5700,4586.389498035061,-1113.6105019649394,1113.6105019649394
Cell3,700,5600,4532.731131758687,-1067.2688682413127,1067.2688682413127
Cell3,800,5500,4531.97432293958,-968.0256770604201,968.0256770604201
Cell3,900,5400,4641.8622189909265,-758.1377810090735,758.1377810090735
Cell3,1000,5300,4384.174352484605,-915.8256475153948,915.8256475153948
Cell3,1100,5200,4329.58665305657,-870.41334694343,870.41334694343
Cell3,1200,5100,4272.045784007286,-827.9542159927141,827.9542159927141
Cell3,1300,5000,4135.0302593135275,-864.9697406864725,864.9697406864725
Cell3,1400,4900,3843.845143872048,-1056.154856127952,1056.154856127952
Cell3,1600,4700,3799.7254899025847,-900.2745100974153,900.2745100974153
Cell3,1800,4500,3768.3131020707483,-731.6868979292517,731.6868979292517
Cell3,1900,4400,3739.5945883617596,-660.4054116382404,660.4054116382404
Cell3,2000,4300,3459.4093915586914,-840.5906084413086,840.5906084413086
Cell3,2100,4200,3492.17371088132,-707.82628911868,707.82628911868
Cell3,2200,4100,3163.334798881116,-936.6652011188839,936.6652011188839
Cell3,2300,4000,3270.9141059518174,-729.0858940481826,729.0858940481826
Cell3,2400,3900,3057.4872754034254,-842.5127245965746,842.5127245965746
Cell3,2500,3800,3243.850984539659,-556.1490154603412,556.1490154603412
Cell3,2600,3700,2806.1962293781767,-893.8037706218233,893.8037706218233
Cell3,2700,3600,2935.258432904152,-664.741567095848,664.741567095848
Cell3,2800,3500,2792.0219658104625,-707.9780341895375,707.9780341895375
Cell3,2900,3400,2620.613654594216,-779.3863454057841,779.3863454057841
Cell3,3000,3300,2666.5285999139414,-633.4714000860586,633.4714000860586
Cell3,3100,3200,2528.2029409691318,-671.7970590308682,671.7970590308682
Cell3,3200,3100,2418.0331913559576,-681.9668086440424,681.9668086440424
Cell3,3500,2800,2160.2955839937813,-639.7044160062187,639.7044160062187
Cell3,3600,2700,2175.230755175802,-524.7692448241978,524.7692448241978
Cell3,3700,2600,2011.4740107994803,-588.5259892005197,588.5259892005197
Cell3,3800,2500,1911.1830173970689,-588.8169826029311,588.8169826029311
Cell3,3900,2400,1918.3688008974068,-481.6311991025932,481.6311991025932
Cell3,4000,2300,1888.305068031806,-411.69493196819394,411.69493196819394
Cell3,4100,2200,1740.3730270837366,-459.6269729162634,459.6269729162634
Cell3,4200,2100,1696.0850213514857,-403.9149786485143,403.9149786485143
Cell3,4300,2000,1676.879189697659,-323.12081030234094,323.12081030234094
Cell3,4400,1900,1443.0543324314472,-456.94566756855284,456.94566756855284
Cell3,4500,1800,1440.9528913832755,-359.0471086167245,359.0471086167245
Cell3,4600,1700,1295.4957627156869,-404.50423728431315,404.50423728431315
Cell3,4800,1500,1169.734117697371,-330.26588230262905,330.26588230262905
Cell3,5000,1300,944.807434864494,-355.192565135506,355.192565135506
Cell3,5100,1200,797.9761064924636,-402.0238935075364,402.0238935075364
Cell3,5200,1100,812.2003793591136,-287.79962064088636,287.79962064088636
Cell3,5300,1000,767.9123736268627,-232.08762637313725,232.08762637313725
Cell3,5400,900,623.3779449904547,-276.6220550095453,276.6220550095453
Cell3,5500,800,648.9242367998678,-151.0757632001322,151.0757632001322
Cell3,5600,700,599.3560461641994,-100.64395383580063,100.64395383580063
Cell3,5700,600,557.5841022116481,-42.41589778835191,42.41589778835191
Cell3,5800,500,437.5076435468757,-62.49235645312427,62.49235645312427
Cell3,5900,400,313.618851923656,-86.381148076344,86.381148076344
Cell3,6000,300,209.454258269501,-90.545741730499,90.545741730499
Cell3,6100,200,64.58356793152002,-135.41643206848,135.41643206848
Cell3,6200,100,-19.350031144268304,-119.3500311442683,119.3500311442683
Cell3,6300,0,-231.09484589012555,-231.09484589012555,231.09484589012555
Cell3,6400,-100,-337.23974223519923,-237.23974223519923,237.23974223519923
Cell3,6500,-200,-435.67570684791673,-235.67570684791673,235.67570684791673
Cell3,6600,-300,-531.389235775349,-231.389235775349,231.389235775349
Cell3,6700,-400,-593.3216188046131,-193.32161880461308,193.32161880461308
Cell3,6800,-500,-651.9838539214782,-151.98385392147816,151.98385392147816
Cell3,6900,-600,-674.8211298891778,-74.82112988917777,74.82112988917777
Cell3,7000,-700,-780.9686331211625,-80.9686331211625,80.9686331211625
Cell3,7100,-800,-958.0063495682216,-158.0063495682216,158.0063495682216
Cell3,7200,-900,-990.4865020326237,-90.48650203262366,90.48650203262366
Cell3,7300,-1000,-1083.447686730144,-83.44768673014391,83.44768673014391
Cell3,7400,-1100,-1461.084132978124,-361.084132978124,361.084132978124
Cell3,7500,-1200,-1573.4216885743538,-373.42168857435377,373.42168857435377
Cell3,7600,-1300,-1625.347915309196,-325.34791530919597,325.34791530919597
Cell3,7700,-1400,-1625.347915309196,-225.34791530919597,225.34791530919597
Cell3,7800,-1500,-1625.347915309196,-125.34791530919597,125.34791530919597
Cell3,7900,-1600,-1644.175610150897,-44.175610150897,44.175610150897
Cell3,8000,-1700,-1644.175610150897,55.824389849103,55.824389849103
Cell3,8100,-1800,-1644.175610150897,155.824389849103,155.824389849103
Cell4,0,4800,4743.267260019641,-56.73273998035893,56.73273998035893
Cell4,100,4700,5029.655994844813,329.655994844813,329.655994844813
Cell4,200,4600,4822.749578254438,222.74957825443835,222.74957825443835
Cell4,300,4500,4822.749578254438,322.74957825443835,322.74957825443835
Cell4,400,4400,4755.041006247865,355.04100624786497,355.04100624786497
Cell4,500,4300,4716.415231329393,416.41523132939255,416.41523132939255
Cell4,600,4200,4423.404474974241,223.40447497424066,223.40447497424066
Cell4,700,4100,4414.65091029257,314.6509102925702,314.6509102925702
Cell4,800,4000,4279.705054223624,279.70505422362385,279.70505422362385
Cell4,900,3900,4093.47768463167,193.47768463166994,193.47768463166994
Cell4,1000,3800,3816.327602784583,16.327602784583178,16.327602784583178
Cell4,1100,3700,3772.2883689199607,72.2883689199607,72.2883689199607
Cell4,1200,3600,3683.206460292746,83.20646029274621,83.20646029274621
Cell4,1300,3500,3608.1765974307473,108.17659743074728,108.17659743074728
Cell4,1400,3400,3262.904804403679,-137.095195596321,137.095195596321
Cell4,1600,3200,2612.863194381271,-587.1368056187289,587.1368056187289
Cell4,1800,3000,2553.6155088021587,-446.38449119784127,446.38449119784127
Cell4,1900,2900,2450.3159455752775,-449.6840544247225,449.6840544247225
Cell4,2000,2800,2438.5389240334916,-361.46107596650836,361.46107596650836
Cell4,2100,2700,2488.1459832508226,-211.8540167491774,211.8540167491774
Cell4,2200,2600,2211.3479987999276,-388.6520012000724,388.6520012000724
Cell4,2300,2500,2214.3714556600435,-285.62854433995653,285.62854433995653
Cell4,2400,2400,2211.3479987999276,-188.6520012000724,188.6520012000724
Cell4,2500,2300,1971.5354046755283,-328.4645953244717,328.4645953244717
Cell4,2600,2200,1728.5653644005124,-471.4346355994876,471.4346355994876
Cell4,2700,2100,1798.2511565978803,-301.74884340211975,301.74884340211975
Cell4,2800,2000,1712.5595377875768,-287.4404622124232,287.4404622124232
Cell4,2900,1900,1449.802059886099,-450.19794011390104,450.19794011390104
Cell4,3000,1800,1519.487852083467,-280.51214791653297,280.51214791653297
Cell4,3100,1700,1299.4099892344323,-400.59001076556774,400.59001076556774
Cell4,3200,1600,1169.8419379206534,-430.15806207934656,430.15806207934656
Cell4,3300,1500,1029.5294504845965,-470.4705495154035,470.4705495154035
Cell4,3500,1300,680.4258778297775,-619.5741221702225,619.5741221702225
Cell4,3600,1200,750.1116700271455,-449.88832997285454,449.88832997285454
Cell4,3700,1100,720.3076912261707,-379.69230877382927,379.69230877382927
Cell4,3800,1000,398.03402082616964,-601.9659791738304,601.9659791738304
Cell4,3900,900,381.3133808502582,-518.6866191497418,518.6866191497418
Cell4,4000,800,381.3133808502582,-418.6866191497418,418.6866191497418
Cell4,4100,700,322.0468998157724,-377.9531001842276,377.9531001842276
Cell4,4200,600,305.326259839861,-294.673740160139,294.673740160139
Cell4,4300,500,164.15136027800142,-335.84863972199855,335.84863972199855
Cell4,4400,400,63.3894455749593,-336.6105544250407,336.6105544250407
Cell4,4500,300,-180.33437468698165,-480.3343746869816,480.3343746869816
Cell4,4600,200,-226.93944514187174,-426.9394451418717,426.9394451418717
Cell4,4800,0,-386.0056819452197,-386.0056819452197,386.0056819452197
Cell4,5000,-200,-528.2527940579746,-328.2527940579746,328.2527940579746
Cell4,5100,-300,-605.5078234848036,-305.50782348480357,305.50782348480357
Cell5,0,5000,4782.492584142882,-217.50741585711785,217.50741585711785
Cell5,100,4900,4887.4183615595075,-12.581638440492497,12.581638440492497
Cell5,200,4800,5221.844231122392,421.84423112239165,421.84423112239165
Cell5,300,4700,4491.884982820054,-208.11501717994634,208.11501717994634
Cell5,400,4600,5160.693783267828,560.6937832678277,560.6937832678277
Cell5,500,4500,5349.515564529099,849.5155645290988,849.5155645290988
Cell5,600,4400,4830.915244085438,430.91524408543773,430.91524408543773
Cell5,700,4300,4203.889545335606,-96.11045466439373,96.11045466439373
Cell5,800,4200,4931.666560516805,731.6665605168046,731.6665605168046
Cell5,900,4100,4670.579011918445,570.5790119184448,570.5790119184448
Cell5,1000,4000,3960.424737112911,-39.57526288708914,39.57526288708914
Cell5,1100,3900,4491.936930692441,591.9369306924409,591.9369306924409
Cell5,1200,3800,3903.464938436731,103.46493843673079,103.46493843673079
Cell5,1300,3700,3827.2133483483944,127.21334834839445,127.21334834839445
Cell5,1400,3600,4385.038633951074,785.0386339510742,785.0386339510742
Cell5,1600,3400,3719.098106768097,319.09810676809684,319.09810676809684
Cell5,1800,3200,3661.569763941337,461.569763941337,461.569763941337
Cell5,1900,3100,3647.758911406911,547.758911406911,547.758911406911
Cell5,2000,3000,2966.3345413653483,-33.66545863465171,33.66545863465171
Cell5,2100,2900,3401.172754868881,501.17275486888093,501.17275486888093
Cell5,2200,2800,2944.6557465222418,144.65574652224177,144.65574652224177
Cell5,2300,2700,3317.023067985195,617.0230679851952,617.0230679851952
Cell5,2400,2600,2805.0983064291163,205.0983064291163,205.0983064291163
Cell5,2500,2500,2829.485728726914,329.4857287269142,329.4857287269142
Cell5,2600,2400,2666.591068988103,266.59106898810296,266.59106898810296
Cell5,2700,2300,2690.978491285901,390.9784912859009,390.9784912859009
Cell5,2800,2200,2548.3082960389415,348.30829603894153,348.30829603894153
Cell5,2900,2100,2388.121710130981,288.1217101309808,288.1217101309808
Cell5,3000,2000,2593.690548288018,593.6905482880179,593.6905482880179
Cell5,3100,1900,2388.2420750744236,488.2420750744236,488.2420750744236
Cell5,3200,1800,1964.9125571655889,164.91255716558885,164.91255716558885
Cell5,3300,1700,2118.2345882597433,418.2345882597433,418.2345882597433
Cell5,3500,1500,1699.6599968534322,199.65999685343218,199.65999685343218
Cell5,3600,1400,2009.116259562971,609.116259562971,609.116259562971
Cell5,3700,1300,1946.680088107683,646.6800881076831,646.6800881076831
Cell5,3800,1200,1438.6877475190188,238.68774751901879,238.68774751901879
Cell5,3900,1100,1518.2017459111137,418.2017459111137,418.2017459111137
Cell5,4000,1000,1501.4107874665995,501.41078746659946,501.41078746659946
Cell5,4100,900,1169.312775863627,269.31277586362694,269.31277586362694
Cell5,4200,800,1012.6530751676538,212.6530751676538,212.6530751676538
Cell5,4300,700,1012.6530751676538,312.6530751676538,312.6530751676538
Cell5,4400,600,1012.6530751676538,412.6530751676538,412.6530751676538
Cell5,4500,500,776.5114588242716,276.5114588242716,276.5114588242716
Cell5,4600,400,839.4358576310319,439.4358576310319,439.4358576310319
Cell5,4800,200,691.0529170971016,491.0529170971016,491.0529170971016
Cell5,5000,0,-1576.6296562709567,-1576.6296562709567,1576.6296562709567
Cell6,0,4600,5179.171026478547,579.171026478547,579.171026478547
Cell6,100,4500,5315.497160289804,815.497160289804,815.497160289804
Cell6,200,4400,5201.931050942738,801.9310509427378,801.9310509427378
Cell6,300,4300,5180.882394762778,880.882394762778,880.882394762778
Cell6,400,4200,5122.733343131478,922.7333431314783,922.7333431314783
Cell6,500,4100,5086.292378499543,986.2923784995428,986.2923784995428
Cell6,600,4000,4926.169860136919,926.1698601369189,926.1698601369189
Cell6,700,3900,4891.803723279459,991.8037232794586,991.8037232794586
Cell6,800,3800,4807.979054898489,1007.9790548984893,1007.9790548984893
Cell6,900,3700,4756.043112477605,1056.043112477605,1056.043112477605
Cell6,1000,3600,4448.696232398763,848.6962323987627,848.6962323987627
Cell6,1100,3500,4310.957120264461,810.9571202644611,810.9571202644611
Cell6,1200,3400,4310.957120264461,910.9571202644611,910.9571202644611
Cell6,1300,3300,4265.711037548712,965.7110375487118,965.7110375487118
Cell6,1400,3200,4255.017345006922,1055.0173450069224,1055.0173450069224
Cell6,1600,3000,3719.8205787044344,719.8205787044344,719.8205787044344
Cell6,1800,2800,3334.969249319655,534.9692493196549,534.9692493196549
Cell6,1900,2700,3334.969249319655,634.9692493196549,634.9692493196549
Cell6,2000,2600,2868.177400603297,268.177400603297,268.177400603297
Cell6,2100,2500,3186.1181636673778,686.1181636673778,686.1181636673778
Cell6,2200,2400,2844.525554962483,444.52555496248306,444.52555496248306
Cell6,2300,2300,2761.058534906862,461.05853490686195,461.05853490686195
Cell6,2400,2200,2793.087558133697,593.0875581336968,593.0875581336968
Cell6,2500,2100,2756.742064261699,656.7420642616989,656.7420642616989
Cell6,2600,2000,2583.683130110045,583.6831301100451,583.6831301100451
Cell6,2700,1900,2587.802292655241,687.8022926552412,687.8022926552412
Cell6,2800,1800,2516.6564661331317,716.6564661331317,716.6564661331317
Cell6,2900,1700,2080.0566671278743,380.05666712787433,380.05666712787433
Cell6,3000,1600,2349.784293374923,749.784293374923,749.784293374923
Cell6,3100,1500,2080.0566671278743,580.0566671278743,580.0566671278743
Cell6,3200,1400,1858.640263238479,458.64026323847906,458.64026323847906
Cell6,3300,1300,1828.6260111672702,528.6260111672702,528.6260111672702
Cell6,3500,1100,1562.8141504690493,462.8141504690493,462.8141504690493
Cell6,3600,1000,1577.7542849392185,577.7542849392185,577.7542849392185
Cell6,3700,900,1272.715235920975,372.7152359209749,372.7152359209749
Cell6,3800,800,1320.1963904851636,520.1963904851636,520.1963904851636
Cell6,3900,700,1299.1089017020481,599.1089017020481,599.1089017020481
Cell6,4000,600,915.7215586560314,315.72155865603145,315.72155865603145
Cell6,4100,500,863.3221451363628,363.3221451363628,363.3221451363628
Cell6,4200,400,858.3494415106237,458.3494415106237,458.3494415106237
Cell6,4300,300,780.3295260328443,480.32952603284434,480.32952603284434
Cell6,4400,200,780.3295260328443,580.3295260328443,580.3295260328443
Cell6,4500,100,590.7924039906185,490.7924039906185,490.7924039906185
Cell6,4600,0,-13.403399958691564,-13.403399958691564,13.403399958691564
Cell6,4800,-200,-224.55661177506303,-24.556611775063033,24.556611775063033
Cell6,5000,-400,-692.3559883527897,-292.3559883527897,292.3559883527897
Cell7,0,8000,5791.522653453146,-2208.4773465468543,2208.4773465468543
Cell7,100,7900,5516.188030250127,-2383.8119697498732,2383.8119697498732
Cell7,200,7800,5383.04748533112,-2416.95251466888,2416.95251466888
Cell7,300,7700,5371.687914322991,-2328.3120856770092,2328.3120856770092
Cell7,400,7600,5293.933821031363,-2306.0661789686374,2306.0661789686374
Cell7,500,7500,5153.9235483188795,-2346.0764516811205,2346.0764516811205
Cell7,600,7400,5084.450634322844,-2315.549365677156,2315.549365677156
Cell7,700,7300,5085.76769002786,-2214.23230997214,2214.23230997214
Cell7,800,7200,4811.7710008242775,-2388.2289991757225,2388.2289991757225
Cell7,900,7100,4730.426446762974,-2369.5735532370263,2369.5735532370263
Cell7,1000,7000,4730.426446762974,-2269.5735532370263,2269.5735532370263
Cell7,1100,6900,4495.588775228109,-2404.4112247718913,2404.4112247718913
Cell7,1200,6800,4495.588775228109,-2304.4112247718913,2304.4112247718913
Cell7,1300,6700,4453.182825462635,-2246.8171745373647,2246.8171745373647
Cell7,1400,6600,4377.44782851761,-2222.55217148239,2222.55217148239
Cell7,1600,6400,4130.391792464399,-2269.6082075356007,2269.6082075356007
Cell7,1800,6200,3899.857394993552,-2300.142605006448,2300.142605006448
Cell7,1900,6100,3761.2177148896835,-2338.7822851103165,2338.7822851103165
Cell7,2000,6000,3688.909008754915,-2311.090991245085,2311.090991245085
Cell7,2100,5900,3787.2400482153275,-2112.7599517846725,2112.7599517846725
Cell7,2200,5800,3559.7961651313703,-2240.2038348686297,2240.2038348686297
Cell7,2300,5700,3658.127204591783,-2041.872795408217,2041.872795408217
Cell7,2400,5600,3458.314998749973,-2141.685001250027,2141.685001250027
Cell7,2500,5500,3344.268549969557,-2155.731450030443,2155.731450030443
Cell7,2600,5400,3147.0439424380006,-2252.9560575619994,2252.9560575619994
Cell7,2700,5300,3119.8213319708225,-2180.1786680291775,2180.1786680291775
Cell7,2800,5200,3143.1162737729032,-2056.8837262270968,2056.8837262270968
Cell7,2900,5100,3074.735236303232,-2025.2647636967681,2025.2647636967681
Cell7,3000,5000,3119.8213319708225,-1880.1786680291775,1880.1786680291775
Cell7,3100,4900,2799.750098099472,-2100.249901900528,2100.249901900528
Cell7,3200,4800,2786.6889469857115,-2013.3110530142885,2013.3110530142885
Cell7,3300,4700,2759.4663365185334,-1940.5336634814666,1940.5336634814666
Cell7,3500,4500,2583.796629750895,-1916.2033702491049,1916.2033702491049
Cell7,3600,4400,2608.542769809233,-1791.457230190767,1791.457230190767
Cell7,3700,4300,2511.829336776741,-1788.170663223259,1788.170663223259
Cell7,3800,4200,2356.0076338689973,-1843.9923661310027,1843.9923661310027
Cell7,3900,4100,2332.7126920669166,-1767.2873079330834,1767.2873079330834
Cell7,4000,4000,2332.7126920669166,-1667.2873079330834,1667.2873079330834
Cell7,4100,3900,2138.088174955578,-1761.9118250444221,1761.9118250444221
Cell7,4200,3800,2110.8655644883997,-1689.1344355116003,1689.1344355116003
Cell7,4300,3700,2110.8655644883997,-1589.1344355116003,1589.1344355116003
Cell7,4400,3600,2110.8655644883997,-1489.1344355116003,1489.1344355116003
Cell7,4500,3500,2130.4787430805136,-1369.5212569194864,1369.5212569194864
Cell7,4600,3400,2059.1633875706207,-1340.8366124293793,1340.8366124293793
Cell7,4800,3200,1821.8385939550599,-1378.1614060449401,1378.1614060449401
Cell7,5000,3000,1658.1915423379319,-1341.8084576620681,1341.8084576620681
Cell7,5100,2900,1474.5102131182425,-1425.4897868817575,1425.4897868817575
Cell7,5200,2800,1824.8983102690484,-975.1016897309516,975.1016897309516
Cell7,5300,2700,1753.3121443457874,-946.6878556542126,946.6878556542126
Cell7,5400,2600,1739.5108889224202,-860.4891110775798,860.4891110775798
Cell7,5500,2500,1157.1842248902524,-1342.8157751097476,1342.8157751097476
Cell7,5600,2400,1171.1824098601182,-1228.8175901398818,1228.8175901398818
Cell7,5700,2300,1113.9142609520693,-1186.0857390479307,1186.0857390479307
Cell7,5800,2200,840.7717881702721,-1359.228211829728,1359.228211829728
Cell7,5900,2100,994.9881863414056,-1105.0118136585943,1105.0118136585943
Cell7,6000,2000,979.3127053880343,-1020.6872946119657,1020.6872946119657
Cell7,6100,1900,761.1645786725884,-1138.8354213274115,1138.8354213274115
Cell7,6200,1800,737.8696368705088,-1062.1303631294913,1062.1303631294913
Cell7,6300,1700,828.6937533581266,-871.3062466418734,871.3062466418734
Cell7,6400,1600,524.882993800634,-1075.117006199366,1075.117006199366
Cell7,6500,1500,413.9863246316017,-1086.0136753683983,1086.0136753683983
Cell7,6600,1400,413.9863246316017,-986.0136753683983,986.0136753683983
Cell7,6700,1300,434.3230615692416,-865.6769384307584,865.6769384307584
Cell7,6800,1200,298.867754656871,-901.132245343129,901.132245343129
Cell7,6900,1100,305.531763411555,-794.468236588445,794.468236588445
Cell7,7000,1000,306.74048104182583,-693.2595189581741,693.2595189581741
Cell7,7100,900,330.4021614337955,-569.5978385662045,569.5978385662045
Cell7,7200,800,171.42789714209025,-628.5721028579097,628.5721028579097
Cell7,7300,700,119.12856477747995,-580.8714352225201,580.8714352225201
Cell7,7400,600,84.50935713099506,-515.4906428690049,515.4906428690049
Cell7,7500,500,-9.511075594770004,-509.51107559477,509.51107559477
Cell7,7600,400,-22.669736981222485,-422.6697369812225,422.6697369812225
Cell7,7700,300,-170.05170595939614,-470.05170595939614,470.05170595939614
Cell7,7800,200,-254.6002429869245,-454.6002429869245,454.6002429869245
Cell7,7900,100,-254.6002429869245,-354.6002429869245,354.6002429869245
Cell7,8000,0,-231.30530118484484,-231.30530118484484,231.30530118484484
Cell7,8100,-100,-254.6002429869245,-154.6002429869245,154.6002429869245
Cell8,0,6400,6959.54548324403,559.54548324403,559.54548324403
Cell8,100,6300,7348.910016470551,1048.9100164705515,1048.9100164705515
Cell8,300,6100,7212.29711329704,1112.2971132970397,1112.2971132970397
Cell8,400,6000,7318.369304708712,1318.3693047087118,1318.3693047087118
Cell8,500,5900,7214.615139330461,1314.6151393304608,1314.6151393304608
Cell8,600,5800,7304.117328119528,1504.1173281195279,1504.1173281195279
Cell8,700,5700,7135.285634339368,1435.2856343393678,1435.2856343393678
Cell8,800,5600,6876.124309694462,1276.1243096944618,1276.1243096944618
Cell8,900,5500,6821.437061261605,1321.4370612616049,1321.4370612616049
Cell8,1000,5400,6806.133697222298,1406.133697222298,1406.133697222298
Cell8,1100,5300,6793.820970137379,1493.820970137379,1493.820970137379
Cell8,1200,5200,6779.197790868495,1579.1977908684948,1579.1977908684948
Cell8,1300,5100,6530.710877472993,1430.7108774729932,1430.7108774729932
Cell8,1400,5000,6315.757429307474,1315.757429307474,1315.757429307474
Cell8,1600,4800,6024.686604297766,1224.6866042977663,1224.6866042977663
Cell8,1800,4600,6024.686604297766,1424.6866042977663,1424.6866042977663
Cell8,1900,4500,5878.334377611905,1378.3343776119054,1378.3343776119054
Cell8,2000,4400,5878.334377611905,1478.3343776119054,1478.3343776119054
Cell8,2100,4300,5851.939845848205,1551.9398458482046,1551.9398458482046
Cell8,2200,4200,5878.334377611905,1678.3343776119054,1678.3343776119054
Cell8,2300,4100,5851.939845848205,1751.9398458482046,1751.9398458482046
Cell8,2400,4000,5393.184141027583,1393.1841410275829,1393.1841410275829
Cell8,2500,3900,5553.622395412036,1653.622395412036,1653.622395412036
Cell8,2600,3800,5081.472139649308,1281.4721396493078,1281.4721396493078
Cell8,2700,3700,5380.583155481669,1680.5831554816687,1680.5831554816687
Cell8,2800,3600,5142.362385236966,1542.3623852369656,1542.3623852369656
Cell8,2900,3500,4726.149361215295,1226.1493612152954,1226.1493612152954
Cell8,3000,3400,5115.967853473265,1715.9678534732648,1715.9678534732648
Cell8,3100,3300,4498.927395536114,1198.927395536114,1198.927395536114
Cell8,3200,3200,4292.536920089064,1092.5369200890636,1092.5369200890636
Cell8,3300,3100,4472.532863772413,1372.5328637724133,1372.5328637724133
Cell8,3500,2900,3587.886123324703,687.886123324703,687.886123324703
Cell8,3600,2800,3767.8820670080527,967.8820670080527,967.8820670080527
Cell8,3700,2700,3794.276598771753,1094.276598771753,1094.276598771753
Cell8,3800,2600,3221.441396196117,621.4413961961168,621.4413961961168
Cell8,3900,2500,3310.7298634538583,810.7298634538583,810.7298634538583
Cell8,4000,2400,3246.342686486229,846.342686486229,846.342686486229
Cell8,4100,2300,2812.946997000028,512.9469970000282,512.9469970000282
Cell8,4200,2200,2786.552465236328,586.5524652363279,586.5524652363279
Cell8,4300,2100,2786.552465236328,686.5524652363279,686.5524652363279
Cell8,4400,2000,2646.3898396761,646.3898396761001,646.3898396761001
Cell8,4500,1900,2448.3918043269086,548.3918043269086,548.3918043269086
Cell8,4600,1800,2536.323128568995,736.3231285689949,736.3231285689949
Cell8,4800,1600,2276.1677425371468,676.1677425371468,676.1677425371468
Cell8,5000,1400,1831.8810131911794,431.88101319117936,431.88101319117936
Cell8,5100,1300,1805.4864814274792,505.48648142747925,505.48648142747925
Cell8,5200,1200,1483.4351530137667,283.4351530137667,283.4351530137667
Cell8,5300,1100,1481.802784469567,381.8027844695671,381.8027844695671
Cell8,5400,1000,1387.760651766863,387.760651766863,387.760651766863
Cell8,5500,900,1223.944926451212,323.94492645121204,323.94492645121204
Cell8,5600,800,1168.7603380399435,368.76033803994346,368.76033803994346
Cell8,5700,700,1183.3362540866074,483.33625408660737,483.33625408660737
Cell8,5800,600,1230.8840321908065,630.8840321908065,630.8840321908065
Cell8,5900,500,1014.3903033371085,514.3903033371085,514.3903033371085
Cell8,6000,400,941.2314943367237,541.2314943367237,541.2314943367237
Cell8,6100,300,736.9443479250115,436.94434792501147,436.94434792501147
Cell8,6200,200,666.7763283547765,466.7763283547765,466.7763283547765
Cell8,6300,100,676.7398207850163,576.7398207850163,576.7398207850163
Cell8,6400,0,479.7861486074446,479.7861486074446,479.7861486074446
Cell8,6500,-100,473.2902567881861,573.2902567881861,573.2902567881861
Cell8,6600,-200,473.2902567881861,673.2902567881861,673.2902567881861
Cell8,6700,-300,433.787988168749,733.787988168749,733.787988168749
Cell8,6800,-400,239.28730222301579,639.2873022230158,639.2873022230158
Cell8,6900,-500,114.7838832767684,614.7838832767684,614.7838832767684
Cell8,7000,-600,-77.1894655186548,522.8105344813453,522.8105344813453
Cell8,7100,-700,73.71572843875235,773.7157284387523,773.7157284387523
Cell8,7200,-800,-239.28606294908036,560.7139370509196,560.7139370509196
Cell8,7300,-900,-346.4843695129273,553.5156304870727,553.5156304870727
Cell8,7400,-1000,-707.42194094342,292.57805905657995,292.57805905657995
Cell8,7500,-1100,-826.0045633891149,273.9954366108851,273.9954366108851
Cell8,7600,-1200,-908.8828487429621,291.1171512570379,291.1171512570379
Cell8,7700,-1300,-1013.0161266260592,286.9838733739408,286.9838733739408
Cell8,7800,-1400,-1104.4273633657865,295.5726366342135,295.5726366342135
Cell8,7900,-1500,-1087.4481575490445,412.5518424509555,412.5518424509555
Cell8,8000,-1600,-1415.7617135027,184.2382864972999,184.2382864972999
Cell8,8100,-1700,-1306.9291703959757,393.0708296040243,393.0708296040243
